benchmark_type,target_bucket_upper,file_id,filename,function_id,function_name,role,label,is_target,source_line_num,source_idx,body_tokens,body_tokens_regex,body_n_tokens_in_mixed_stream,body_start_char,body_end_char,body_n_chars,body_start_token,body_end_token,n_chunks,n_scored_chunks,n_lowconf_chunks,npr,predict_agc_youden,meta_path,py_path
"type01_110",110,1,"mixed_code_001.py",1,"hwc_mixed_001_01","HWC",0,0,5044,"line5044_human",100,24,99,91,493,402,31,130,1,1,0,"1.427977",0,"../code-selection/mixedcode_benchmarks/starcoder2-7b/type01_110/mixed_code_001.json","../code-selection/mixedcode_benchmarks/starcoder2-7b/type01_110/mixed_code_001.py"
"type01_110",110,1,"mixed_code_001.py",2,"hwc_mixed_001_02","HWC",0,0,3199,"line3199_human",105,34,104,640,956,316,156,260,1,1,0,"1.586291",1,"../code-selection/mixedcode_benchmarks/starcoder2-7b/type01_110/mixed_code_001.json","../code-selection/mixedcode_benchmarks/starcoder2-7b/type01_110/mixed_code_001.py"
"type01_110",110,1,"mixed_code_001.py",3,"agc_mixed_001_03","AGC",1,1,3998,"line3998_lm",103,43,102,1241,1832,591,313,415,1,1,0,"1.903231",1,"../code-selection/mixedcode_benchmarks/starcoder2-7b/type01_110/mixed_code_001.json","../code-selection/mixedcode_benchmarks/starcoder2-7b/type01_110/mixed_code_001.py"
"type01_110",110,1,"mixed_code_001.py",4,"agc_mixed_001_04","AGC",1,1,4449,"line4449_lm",106,19,105,2241,2466,225,546,651,1,1,0,"1.563229",1,"../code-selection/mixedcode_benchmarks/starcoder2-7b/type01_110/mixed_code_001.json","../code-selection/mixedcode_benchmarks/starcoder2-7b/type01_110/mixed_code_001.py"
"type01_110",110,1,"mixed_code_001.py",5,"hwc_mixed_001_05","HWC",0,0,4251,"line4251_human",101,44,100,2844,3295,451,752,852,1,1,0,"1.298653",0,"../code-selection/mixedcode_benchmarks/starcoder2-7b/type01_110/mixed_code_001.json","../code-selection/mixedcode_benchmarks/starcoder2-7b/type01_110/mixed_code_001.py"
"type01_110",110,1,"mixed_code_001.py",6,"agc_mixed_001_06","AGC",1,1,3931,"line3931_lm",106,5,105,3668,3852,184,953,1058,1,1,0,"1.183786",0,"../code-selection/mixedcode_benchmarks/starcoder2-7b/type01_110/mixed_code_001.json","../code-selection/mixedcode_benchmarks/starcoder2-7b/type01_110/mixed_code_001.py"
"type01_110",110,2,"mixed_code_002.py",1,"hwc_mixed_002_01","HWC",0,0,482,"line482_human",110,38,109,203,569,366,74,183,1,1,0,"1.394664",0,"../code-selection/mixedcode_benchmarks/starcoder2-7b/type01_110/mixed_code_002.json","../code-selection/mixedcode_benchmarks/starcoder2-7b/type01_110/mixed_code_002.py"
"type01_110",110,2,"mixed_code_002.py",2,"agc_mixed_002_02","AGC",1,1,4459,"line4459_lm",102,45,101,991,1365,374,327,428,1,1,0,"1.380026",0,"../code-selection/mixedcode_benchmarks/starcoder2-7b/type01_110/mixed_code_002.json","../code-selection/mixedcode_benchmarks/starcoder2-7b/type01_110/mixed_code_002.py"
"type01_110",110,2,"mixed_code_002.py",3,"agc_mixed_002_03","AGC",1,1,1924,"line1924_lm",100,25,99,1865,2232,367,516,615,1,1,0,"1.521573",1,"../code-selection/mixedcode_benchmarks/starcoder2-7b/type01_110/mixed_code_002.json","../code-selection/mixedcode_benchmarks/starcoder2-7b/type01_110/mixed_code_002.py"
"type01_110",110,2,"mixed_code_002.py",4,"hwc_mixed_002_04","HWC",0,0,3127,"line3127_human",110,30,109,2511,2849,338,705,814,1,1,0,"1.325518",0,"../code-selection/mixedcode_benchmarks/starcoder2-7b/type01_110/mixed_code_002.json","../code-selection/mixedcode_benchmarks/starcoder2-7b/type01_110/mixed_code_002.py"
"type01_110",110,2,"mixed_code_002.py",5,"agc_mixed_002_05","AGC",1,1,1001,"line1001_lm",107,28,106,3269,3550,281,907,1013,1,1,0,"1.603683",1,"../code-selection/mixedcode_benchmarks/starcoder2-7b/type01_110/mixed_code_002.json","../code-selection/mixedcode_benchmarks/starcoder2-7b/type01_110/mixed_code_002.py"
"type01_110",110,2,"mixed_code_002.py",6,"hwc_mixed_002_06","HWC",0,0,6019,"line6019_human",109,29,108,3693,4047,354,1046,1154,1,1,0,"1.291672",0,"../code-selection/mixedcode_benchmarks/starcoder2-7b/type01_110/mixed_code_002.json","../code-selection/mixedcode_benchmarks/starcoder2-7b/type01_110/mixed_code_002.py"
"type01_110",110,3,"mixed_code_003.py",1,"hwc_mixed_003_01","HWC",0,0,6198,"line6198_human",110,33,109,142,514,372,42,151,1,1,0,"1.284778",0,"../code-selection/mixedcode_benchmarks/starcoder2-7b/type01_110/mixed_code_003.json","../code-selection/mixedcode_benchmarks/starcoder2-7b/type01_110/mixed_code_003.py"
"type01_110",110,3,"mixed_code_003.py",2,"agc_mixed_003_02","AGC",1,1,3969,"line3969_lm",104,11,103,884,1081,197,245,348,1,1,0,"1.672978",1,"../code-selection/mixedcode_benchmarks/starcoder2-7b/type01_110/mixed_code_003.json","../code-selection/mixedcode_benchmarks/starcoder2-7b/type01_110/mixed_code_003.py"
"type01_110",110,3,"mixed_code_003.py",3,"hwc_mixed_003_03","HWC",0,0,5553,"line5553_human",101,22,100,1364,1662,298,422,522,1,1,0,"1.878878",1,"../code-selection/mixedcode_benchmarks/starcoder2-7b/type01_110/mixed_code_003.json","../code-selection/mixedcode_benchmarks/starcoder2-7b/type01_110/mixed_code_003.py"
"type01_110",110,3,"mixed_code_003.py",4,"hwc_mixed_003_04","HWC",0,0,35,"line35_human",110,25,109,1952,2271,319,596,705,1,1,0,"1.451811",0,"../code-selection/mixedcode_benchmarks/starcoder2-7b/type01_110/mixed_code_003.json","../code-selection/mixedcode_benchmarks/starcoder2-7b/type01_110/mixed_code_003.py"
"type01_110",110,3,"mixed_code_003.py",5,"agc_mixed_003_05","AGC",1,1,4059,"line4059_lm",100,22,99,2434,2683,249,752,851,1,1,0,"1.830541",1,"../code-selection/mixedcode_benchmarks/starcoder2-7b/type01_110/mixed_code_003.json","../code-selection/mixedcode_benchmarks/starcoder2-7b/type01_110/mixed_code_003.py"
"type01_110",110,3,"mixed_code_003.py",6,"agc_mixed_003_06","AGC",1,1,6074,"line6074_lm",108,27,107,2879,3181,302,907,1014,1,1,0,"1.411712",0,"../code-selection/mixedcode_benchmarks/starcoder2-7b/type01_110/mixed_code_003.json","../code-selection/mixedcode_benchmarks/starcoder2-7b/type01_110/mixed_code_003.py"
"type01_110",110,4,"mixed_code_004.py",1,"hwc_mixed_004_01","HWC",0,0,3442,"line3442_human",105,12,104,279,500,221,76,180,1,1,0,"1.514100",0,"../code-selection/mixedcode_benchmarks/starcoder2-7b/type01_110/mixed_code_004.json","../code-selection/mixedcode_benchmarks/starcoder2-7b/type01_110/mixed_code_004.py"
"type01_110",110,4,"mixed_code_004.py",2,"agc_mixed_004_02","AGC",1,1,4251,"line4251_lm",109,33,108,878,1263,385,281,389,1,1,0,"1.854190",1,"../code-selection/mixedcode_benchmarks/starcoder2-7b/type01_110/mixed_code_004.json","../code-selection/mixedcode_benchmarks/starcoder2-7b/type01_110/mixed_code_004.py"
"type01_110",110,4,"mixed_code_004.py",3,"agc_mixed_004_03","AGC",1,1,6371,"line6371_lm",105,21,104,1640,1947,307,459,563,1,1,0,"1.535166",1,"../code-selection/mixedcode_benchmarks/starcoder2-7b/type01_110/mixed_code_004.json","../code-selection/mixedcode_benchmarks/starcoder2-7b/type01_110/mixed_code_004.py"
"type01_110",110,4,"mixed_code_004.py",4,"hwc_mixed_004_04","HWC",0,0,5796,"line5796_human",104,32,103,2077,2641,564,583,686,1,1,0,"1.212374",0,"../code-selection/mixedcode_benchmarks/starcoder2-7b/type01_110/mixed_code_004.json","../code-selection/mixedcode_benchmarks/starcoder2-7b/type01_110/mixed_code_004.py"
"type01_110",110,4,"mixed_code_004.py",5,"agc_mixed_004_05","AGC",1,1,5902,"line5902_lm",106,33,105,3211,3608,397,850,955,1,1,0,"1.308301",0,"../code-selection/mixedcode_benchmarks/starcoder2-7b/type01_110/mixed_code_004.json","../code-selection/mixedcode_benchmarks/starcoder2-7b/type01_110/mixed_code_004.py"
"type01_110",110,4,"mixed_code_004.py",6,"hwc_mixed_004_06","HWC",0,0,1361,"line1361_human",102,10,101,3894,4110,216,1050,1151,1,1,0,"1.284424",0,"../code-selection/mixedcode_benchmarks/starcoder2-7b/type01_110/mixed_code_004.json","../code-selection/mixedcode_benchmarks/starcoder2-7b/type01_110/mixed_code_004.py"
"type01_110",110,5,"mixed_code_005.py",1,"agc_mixed_005_01","AGC",1,1,5773,"line5773_lm",108,44,107,190,718,528,36,143,1,1,0,"2.064607",1,"../code-selection/mixedcode_benchmarks/starcoder2-7b/type01_110/mixed_code_005.json","../code-selection/mixedcode_benchmarks/starcoder2-7b/type01_110/mixed_code_005.py"
"type01_110",110,5,"mixed_code_005.py",2,"agc_mixed_005_02","AGC",1,1,3659,"line3659_lm",104,22,103,865,1089,224,191,294,1,1,0,"1.738771",1,"../code-selection/mixedcode_benchmarks/starcoder2-7b/type01_110/mixed_code_005.json","../code-selection/mixedcode_benchmarks/starcoder2-7b/type01_110/mixed_code_005.py"
"type01_110",110,5,"mixed_code_005.py",3,"agc_mixed_005_03","AGC",1,1,4555,"line4555_lm",107,41,106,1260,1505,245,332,438,1,1,0,"2.362215",1,"../code-selection/mixedcode_benchmarks/starcoder2-7b/type01_110/mixed_code_005.json","../code-selection/mixedcode_benchmarks/starcoder2-7b/type01_110/mixed_code_005.py"
"type01_110",110,5,"mixed_code_005.py",4,"hwc_mixed_005_04","HWC",0,0,503,"line503_human",108,36,107,2039,2476,437,574,681,1,1,0,"1.266302",0,"../code-selection/mixedcode_benchmarks/starcoder2-7b/type01_110/mixed_code_005.json","../code-selection/mixedcode_benchmarks/starcoder2-7b/type01_110/mixed_code_005.py"
"type01_110",110,5,"mixed_code_005.py",5,"hwc_mixed_005_05","HWC",0,0,6163,"line6163_human",105,32,104,2964,3346,382,772,876,1,1,0,"1.565455",1,"../code-selection/mixedcode_benchmarks/starcoder2-7b/type01_110/mixed_code_005.json","../code-selection/mixedcode_benchmarks/starcoder2-7b/type01_110/mixed_code_005.py"
"type01_110",110,5,"mixed_code_005.py",6,"hwc_mixed_005_06","HWC",0,0,654,"line654_human",110,23,109,3455,3787,332,895,1004,1,1,0,"1.515857",0,"../code-selection/mixedcode_benchmarks/starcoder2-7b/type01_110/mixed_code_005.json","../code-selection/mixedcode_benchmarks/starcoder2-7b/type01_110/mixed_code_005.py"
"type02_120",120,1,"mixed_code_001.py",1,"agc_mixed_001_01","AGC",1,1,579,"line579_lm",115,22,114,314,666,352,78,192,1,1,0,"1.762346",1,"../code-selection/mixedcode_benchmarks/starcoder2-7b/type02_120/mixed_code_001.json","../code-selection/mixedcode_benchmarks/starcoder2-7b/type02_120/mixed_code_001.py"
"type02_120",120,1,"mixed_code_001.py",2,"hwc_mixed_001_02","HWC",0,0,5759,"line5759_human",112,14,111,868,1192,324,253,364,1,1,0,"1.309189",0,"../code-selection/mixedcode_benchmarks/starcoder2-7b/type02_120/mixed_code_001.json","../code-selection/mixedcode_benchmarks/starcoder2-7b/type02_120/mixed_code_001.py"
"type02_120",120,1,"mixed_code_001.py",3,"hwc_mixed_001_03","HWC",0,0,5518,"line5518_human",113,39,112,1293,1653,360,382,494,1,1,0,"1.379431",0,"../code-selection/mixedcode_benchmarks/starcoder2-7b/type02_120/mixed_code_001.json","../code-selection/mixedcode_benchmarks/starcoder2-7b/type02_120/mixed_code_001.py"
"type02_120",120,1,"mixed_code_001.py",4,"hwc_mixed_001_04","HWC",0,0,3665,"line3665_human",112,44,111,1788,2276,488,533,644,1,1,0,"1.304091",0,"../code-selection/mixedcode_benchmarks/starcoder2-7b/type02_120/mixed_code_001.json","../code-selection/mixedcode_benchmarks/starcoder2-7b/type02_120/mixed_code_001.py"
"type02_120",120,1,"mixed_code_001.py",5,"agc_mixed_001_05","AGC",1,1,5348,"line5348_lm",117,35,116,2627,3006,379,735,851,1,1,0,"1.887493",1,"../code-selection/mixedcode_benchmarks/starcoder2-7b/type02_120/mixed_code_001.json","../code-selection/mixedcode_benchmarks/starcoder2-7b/type02_120/mixed_code_001.py"
"type02_120",120,1,"mixed_code_001.py",6,"agc_mixed_001_06","AGC",1,1,4621,"line4621_lm",112,41,111,3556,3916,360,1013,1124,1,1,0,"1.468458",0,"../code-selection/mixedcode_benchmarks/starcoder2-7b/type02_120/mixed_code_001.json","../code-selection/mixedcode_benchmarks/starcoder2-7b/type02_120/mixed_code_001.py"
"type02_120",120,2,"mixed_code_002.py",1,"agc_mixed_002_01","AGC",1,1,903,"line903_lm",113,22,112,641,951,310,163,275,1,1,0,"1.906692",1,"../code-selection/mixedcode_benchmarks/starcoder2-7b/type02_120/mixed_code_002.json","../code-selection/mixedcode_benchmarks/starcoder2-7b/type02_120/mixed_code_002.py"
"type02_120",120,2,"mixed_code_002.py",2,"hwc_mixed_002_02","HWC",0,0,5070,"line5070_human",117,40,116,1488,1957,469,398,514,1,1,0,"1.344110",0,"../code-selection/mixedcode_benchmarks/starcoder2-7b/type02_120/mixed_code_002.json","../code-selection/mixedcode_benchmarks/starcoder2-7b/type02_120/mixed_code_002.py"
"type02_120",120,2,"mixed_code_002.py",3,"agc_mixed_002_03","AGC",1,1,408,"line408_lm",119,41,118,2040,2622,582,535,653,1,1,0,"1.931900",1,"../code-selection/mixedcode_benchmarks/starcoder2-7b/type02_120/mixed_code_002.json","../code-selection/mixedcode_benchmarks/starcoder2-7b/type02_120/mixed_code_002.py"
"type02_120",120,2,"mixed_code_002.py",4,"agc_mixed_002_04","AGC",1,1,5443,"line5443_lm",111,31,110,2823,3180,357,707,817,1,1,0,"1.416906",0,"../code-selection/mixedcode_benchmarks/starcoder2-7b/type02_120/mixed_code_002.json","../code-selection/mixedcode_benchmarks/starcoder2-7b/type02_120/mixed_code_002.py"
"type02_120",120,2,"mixed_code_002.py",5,"hwc_mixed_002_05","HWC",0,0,536,"line536_human",120,44,119,3301,3803,502,836,955,1,1,0,"1.315516",0,"../code-selection/mixedcode_benchmarks/starcoder2-7b/type02_120/mixed_code_002.json","../code-selection/mixedcode_benchmarks/starcoder2-7b/type02_120/mixed_code_002.py"
"type02_120",120,2,"mixed_code_002.py",6,"hwc_mixed_002_06","HWC",0,0,6224,"line6224_human",119,24,118,3905,4252,347,974,1092,1,1,0,"1.386321",0,"../code-selection/mixedcode_benchmarks/starcoder2-7b/type02_120/mixed_code_002.json","../code-selection/mixedcode_benchmarks/starcoder2-7b/type02_120/mixed_code_002.py"
"type02_120",120,3,"mixed_code_003.py",1,"agc_mixed_003_01","AGC",1,1,1111,"line1111_lm",117,28,116,338,717,379,70,186,1,1,0,"1.753792",1,"../code-selection/mixedcode_benchmarks/starcoder2-7b/type02_120/mixed_code_003.json","../code-selection/mixedcode_benchmarks/starcoder2-7b/type02_120/mixed_code_003.py"
"type02_120",120,3,"mixed_code_003.py",2,"agc_mixed_003_02","AGC",1,1,269,"line269_lm",119,31,118,859,1241,382,202,320,1,1,0,"1.744551",1,"../code-selection/mixedcode_benchmarks/starcoder2-7b/type02_120/mixed_code_003.json","../code-selection/mixedcode_benchmarks/starcoder2-7b/type02_120/mixed_code_003.py"
"type02_120",120,3,"mixed_code_003.py",3,"agc_mixed_003_03","AGC",1,1,3582,"line3582_lm",113,34,112,1496,1897,401,403,515,1,1,0,"1.776933",1,"../code-selection/mixedcode_benchmarks/starcoder2-7b/type02_120/mixed_code_003.json","../code-selection/mixedcode_benchmarks/starcoder2-7b/type02_120/mixed_code_003.py"
"type02_120",120,3,"mixed_code_003.py",4,"hwc_mixed_003_04","HWC",0,0,3311,"line3311_human",115,44,114,2138,2497,359,578,692,1,1,0,"1.425913",0,"../code-selection/mixedcode_benchmarks/starcoder2-7b/type02_120/mixed_code_003.json","../code-selection/mixedcode_benchmarks/starcoder2-7b/type02_120/mixed_code_003.py"
"type02_120",120,3,"mixed_code_003.py",5,"hwc_mixed_003_05","HWC",0,0,2280,"line2280_human",116,38,115,2580,3122,542,713,828,1,1,0,"1.751726",1,"../code-selection/mixedcode_benchmarks/starcoder2-7b/type02_120/mixed_code_003.json","../code-selection/mixedcode_benchmarks/starcoder2-7b/type02_120/mixed_code_003.py"
"type02_120",120,3,"mixed_code_003.py",6,"hwc_mixed_003_06","HWC",0,0,5433,"line5433_human",116,33,115,3383,3719,336,897,1012,1,1,0,"1.590066",1,"../code-selection/mixedcode_benchmarks/starcoder2-7b/type02_120/mixed_code_003.json","../code-selection/mixedcode_benchmarks/starcoder2-7b/type02_120/mixed_code_003.py"
"type02_120",120,4,"mixed_code_004.py",1,"agc_mixed_004_01","AGC",1,1,6248,"line6248_lm",111,30,110,225,510,285,65,175,1,1,0,"1.472805",0,"../code-selection/mixedcode_benchmarks/starcoder2-7b/type02_120/mixed_code_004.json","../code-selection/mixedcode_benchmarks/starcoder2-7b/type02_120/mixed_code_004.py"
"type02_120",120,4,"mixed_code_004.py",2,"agc_mixed_004_02","AGC",1,1,1635,"line1635_lm",112,34,111,940,1272,332,278,389,1,1,0,"1.533647",1,"../code-selection/mixedcode_benchmarks/starcoder2-7b/type02_120/mixed_code_004.json","../code-selection/mixedcode_benchmarks/starcoder2-7b/type02_120/mixed_code_004.py"
"type02_120",120,4,"mixed_code_004.py",3,"hwc_mixed_004_03","HWC",0,0,2344,"line2344_human",117,54,116,1381,1855,474,402,518,1,1,0,"1.446110",0,"../code-selection/mixedcode_benchmarks/starcoder2-7b/type02_120/mixed_code_004.json","../code-selection/mixedcode_benchmarks/starcoder2-7b/type02_120/mixed_code_004.py"
"type02_120",120,4,"mixed_code_004.py",4,"hwc_mixed_004_04","HWC",0,0,2362,"line2362_human",113,48,112,2213,2683,470,581,693,1,1,0,"1.502471",0,"../code-selection/mixedcode_benchmarks/starcoder2-7b/type02_120/mixed_code_004.json","../code-selection/mixedcode_benchmarks/starcoder2-7b/type02_120/mixed_code_004.py"
"type02_120",120,4,"mixed_code_004.py",5,"hwc_mixed_004_05","HWC",0,0,2213,"line2213_human",117,25,116,2790,3228,438,709,825,1,1,0,"1.266486",0,"../code-selection/mixedcode_benchmarks/starcoder2-7b/type02_120/mixed_code_004.json","../code-selection/mixedcode_benchmarks/starcoder2-7b/type02_120/mixed_code_004.py"
"type02_120",120,4,"mixed_code_004.py",6,"agc_mixed_004_06","AGC",1,1,3638,"line3638_lm",117,24,116,3321,3593,272,842,958,1,1,0,"2.140366",1,"../code-selection/mixedcode_benchmarks/starcoder2-7b/type02_120/mixed_code_004.json","../code-selection/mixedcode_benchmarks/starcoder2-7b/type02_120/mixed_code_004.py"
"type02_120",120,5,"mixed_code_005.py",1,"agc_mixed_005_01","AGC",1,1,3323,"line3323_lm",113,34,112,214,586,372,63,175,1,1,0,"1.734827",1,"../code-selection/mixedcode_benchmarks/starcoder2-7b/type02_120/mixed_code_005.json","../code-selection/mixedcode_benchmarks/starcoder2-7b/type02_120/mixed_code_005.py"
"type02_120",120,5,"mixed_code_005.py",2,"agc_mixed_005_02","AGC",1,1,6430,"line6430_lm",116,19,115,1046,1423,377,312,427,1,1,0,"1.615208",1,"../code-selection/mixedcode_benchmarks/starcoder2-7b/type02_120/mixed_code_005.json","../code-selection/mixedcode_benchmarks/starcoder2-7b/type02_120/mixed_code_005.py"
"type02_120",120,5,"mixed_code_005.py",3,"hwc_mixed_005_03","HWC",0,0,4955,"line4955_human",112,32,111,1569,2051,482,450,561,1,1,0,"1.295163",0,"../code-selection/mixedcode_benchmarks/starcoder2-7b/type02_120/mixed_code_005.json","../code-selection/mixedcode_benchmarks/starcoder2-7b/type02_120/mixed_code_005.py"
"type02_120",120,5,"mixed_code_005.py",4,"hwc_mixed_005_04","HWC",0,0,671,"line671_human",116,41,115,2163,2656,493,593,708,1,1,0,"1.251328",0,"../code-selection/mixedcode_benchmarks/starcoder2-7b/type02_120/mixed_code_005.json","../code-selection/mixedcode_benchmarks/starcoder2-7b/type02_120/mixed_code_005.py"
"type02_120",120,5,"mixed_code_005.py",5,"hwc_mixed_005_05","HWC",0,0,5714,"line5714_human",119,26,118,2987,3333,346,788,906,1,1,0,"1.283466",0,"../code-selection/mixedcode_benchmarks/starcoder2-7b/type02_120/mixed_code_005.json","../code-selection/mixedcode_benchmarks/starcoder2-7b/type02_120/mixed_code_005.py"
"type02_120",120,5,"mixed_code_005.py",6,"agc_mixed_005_06","AGC",1,1,5075,"line5075_lm",117,39,116,3416,4049,633,927,1043,1,1,0,"2.002270",1,"../code-selection/mixedcode_benchmarks/starcoder2-7b/type02_120/mixed_code_005.json","../code-selection/mixedcode_benchmarks/starcoder2-7b/type02_120/mixed_code_005.py"
"type03_130",130,1,"mixed_code_001.py",1,"hwc_mixed_001_01","HWC",0,0,4337,"line4337_human",128,32,127,243,625,382,52,179,2,1,1,"1.304624",0,"../code-selection/mixedcode_benchmarks/starcoder2-7b/type03_130/mixed_code_001.json","../code-selection/mixedcode_benchmarks/starcoder2-7b/type03_130/mixed_code_001.py"
"type03_130",130,1,"mixed_code_001.py",2,"agc_mixed_001_02","AGC",1,1,2699,"line2699_lm",123,36,122,842,1333,491,243,365,1,1,0,"1.978196",1,"../code-selection/mixedcode_benchmarks/starcoder2-7b/type03_130/mixed_code_001.json","../code-selection/mixedcode_benchmarks/starcoder2-7b/type03_130/mixed_code_001.py"
"type03_130",130,1,"mixed_code_001.py",3,"hwc_mixed_001_03","HWC",0,0,4493,"line4493_human",129,21,128,1422,1771,349,379,507,2,2,0,"1.470897",0,"../code-selection/mixedcode_benchmarks/starcoder2-7b/type03_130/mixed_code_001.json","../code-selection/mixedcode_benchmarks/starcoder2-7b/type03_130/mixed_code_001.py"
"type03_130",130,1,"mixed_code_001.py",4,"hwc_mixed_001_04","HWC",0,0,817,"line817_human",122,46,121,2021,2649,628,551,672,1,1,0,"1.335704",0,"../code-selection/mixedcode_benchmarks/starcoder2-7b/type03_130/mixed_code_001.json","../code-selection/mixedcode_benchmarks/starcoder2-7b/type03_130/mixed_code_001.py"
"type03_130",130,1,"mixed_code_001.py",5,"agc_mixed_001_05","AGC",1,1,6173,"line6173_lm",125,33,124,2977,3297,320,785,909,1,1,0,"1.840116",1,"../code-selection/mixedcode_benchmarks/starcoder2-7b/type03_130/mixed_code_001.json","../code-selection/mixedcode_benchmarks/starcoder2-7b/type03_130/mixed_code_001.py"
"type03_130",130,1,"mixed_code_001.py",6,"agc_mixed_001_06","AGC",1,1,2787,"line2787_lm",123,30,122,3446,3853,407,954,1076,1,1,0,"1.850539",1,"../code-selection/mixedcode_benchmarks/starcoder2-7b/type03_130/mixed_code_001.json","../code-selection/mixedcode_benchmarks/starcoder2-7b/type03_130/mixed_code_001.py"
"type03_130",130,2,"mixed_code_002.py",1,"agc_mixed_002_01","AGC",1,1,2496,"line2496_lm",125,64,124,138,477,339,23,147,1,1,0,"2.226746",1,"../code-selection/mixedcode_benchmarks/starcoder2-7b/type03_130/mixed_code_002.json","../code-selection/mixedcode_benchmarks/starcoder2-7b/type03_130/mixed_code_002.py"
"type03_130",130,2,"mixed_code_002.py",2,"hwc_mixed_002_02","HWC",0,0,1486,"line1486_human",122,37,121,853,1300,447,218,339,1,1,0,"1.568366",1,"../code-selection/mixedcode_benchmarks/starcoder2-7b/type03_130/mixed_code_002.json","../code-selection/mixedcode_benchmarks/starcoder2-7b/type03_130/mixed_code_002.py"
"type03_130",130,2,"mixed_code_002.py",3,"agc_mixed_002_03","AGC",1,1,4550,"line4550_lm",127,39,126,1618,2265,647,452,578,1,1,0,"1.644778",1,"../code-selection/mixedcode_benchmarks/starcoder2-7b/type03_130/mixed_code_002.json","../code-selection/mixedcode_benchmarks/starcoder2-7b/type03_130/mixed_code_002.py"
"type03_130",130,2,"mixed_code_002.py",4,"agc_mixed_002_04","AGC",1,1,1823,"line1823_lm",126,30,125,2845,3253,408,722,847,1,1,0,"1.728298",1,"../code-selection/mixedcode_benchmarks/starcoder2-7b/type03_130/mixed_code_002.json","../code-selection/mixedcode_benchmarks/starcoder2-7b/type03_130/mixed_code_002.py"
"type03_130",130,2,"mixed_code_002.py",5,"hwc_mixed_002_05","HWC",0,0,2958,"line2958_human",128,46,127,3735,4259,524,985,1112,2,1,1,"1.430382",0,"../code-selection/mixedcode_benchmarks/starcoder2-7b/type03_130/mixed_code_002.json","../code-selection/mixedcode_benchmarks/starcoder2-7b/type03_130/mixed_code_002.py"
"type03_130",130,2,"mixed_code_002.py",6,"hwc_mixed_002_06","HWC",0,0,3784,"line3784_human",123,31,122,4403,4894,491,1137,1259,1,1,0,"1.311100",0,"../code-selection/mixedcode_benchmarks/starcoder2-7b/type03_130/mixed_code_002.json","../code-selection/mixedcode_benchmarks/starcoder2-7b/type03_130/mixed_code_002.py"
"type03_130",130,3,"mixed_code_003.py",1,"agc_mixed_003_01","AGC",1,1,1,"line1_lm",124,33,123,277,747,470,70,193,1,1,0,"1.735846",1,"../code-selection/mixedcode_benchmarks/starcoder2-7b/type03_130/mixed_code_003.json","../code-selection/mixedcode_benchmarks/starcoder2-7b/type03_130/mixed_code_003.py"
"type03_130",130,3,"mixed_code_003.py",2,"agc_mixed_003_02","AGC",1,1,1359,"line1359_lm",126,40,125,1103,1547,444,291,416,1,1,0,"1.610210",1,"../code-selection/mixedcode_benchmarks/starcoder2-7b/type03_130/mixed_code_003.json","../code-selection/mixedcode_benchmarks/starcoder2-7b/type03_130/mixed_code_003.py"
"type03_130",130,3,"mixed_code_003.py",3,"hwc_mixed_003_03","HWC",0,0,5051,"line5051_human",123,63,122,1826,2574,748,467,589,1,1,0,"1.301837",0,"../code-selection/mixedcode_benchmarks/starcoder2-7b/type03_130/mixed_code_003.json","../code-selection/mixedcode_benchmarks/starcoder2-7b/type03_130/mixed_code_003.py"
"type03_130",130,3,"mixed_code_003.py",4,"agc_mixed_003_04","AGC",1,1,5229,"line5229_lm",122,24,121,2714,3085,371,631,752,1,1,0,"1.526139",1,"../code-selection/mixedcode_benchmarks/starcoder2-7b/type03_130/mixed_code_003.json","../code-selection/mixedcode_benchmarks/starcoder2-7b/type03_130/mixed_code_003.py"
"type03_130",130,3,"mixed_code_003.py",5,"hwc_mixed_003_05","HWC",0,0,6689,"line6689_human",126,34,125,3433,3732,299,847,972,1,1,0,"1.399014",0,"../code-selection/mixedcode_benchmarks/starcoder2-7b/type03_130/mixed_code_003.json","../code-selection/mixedcode_benchmarks/starcoder2-7b/type03_130/mixed_code_003.py"
"type03_130",130,3,"mixed_code_003.py",6,"hwc_mixed_003_06","HWC",0,0,4182,"line4182_human",127,25,126,4021,4435,414,1027,1153,1,1,0,"1.209372",0,"../code-selection/mixedcode_benchmarks/starcoder2-7b/type03_130/mixed_code_003.json","../code-selection/mixedcode_benchmarks/starcoder2-7b/type03_130/mixed_code_003.py"
"type03_130",130,4,"mixed_code_004.py",1,"agc_mixed_004_01","AGC",1,1,4929,"line4929_lm",124,38,123,81,844,763,21,144,1,1,0,"1.803231",1,"../code-selection/mixedcode_benchmarks/starcoder2-7b/type03_130/mixed_code_004.json","../code-selection/mixedcode_benchmarks/starcoder2-7b/type03_130/mixed_code_004.py"
"type03_130",130,4,"mixed_code_004.py",2,"hwc_mixed_004_02","HWC",0,0,1457,"line1457_human",125,40,124,1333,1844,511,250,374,1,1,0,"1.341854",0,"../code-selection/mixedcode_benchmarks/starcoder2-7b/type03_130/mixed_code_004.json","../code-selection/mixedcode_benchmarks/starcoder2-7b/type03_130/mixed_code_004.py"
"type03_130",130,4,"mixed_code_004.py",3,"hwc_mixed_004_03","HWC",0,0,2115,"line2115_human",127,22,126,1933,2232,299,398,524,1,1,0,"1.498077",0,"../code-selection/mixedcode_benchmarks/starcoder2-7b/type03_130/mixed_code_004.json","../code-selection/mixedcode_benchmarks/starcoder2-7b/type03_130/mixed_code_004.py"
"type03_130",130,4,"mixed_code_004.py",4,"agc_mixed_004_04","AGC",1,1,4546,"line4546_lm",129,31,128,2465,2761,296,578,706,2,2,0,"1.734831",1,"../code-selection/mixedcode_benchmarks/starcoder2-7b/type03_130/mixed_code_004.json","../code-selection/mixedcode_benchmarks/starcoder2-7b/type03_130/mixed_code_004.py"
"type03_130",130,4,"mixed_code_004.py",5,"agc_mixed_004_05","AGC",1,1,2051,"line2051_lm",127,23,126,3104,3449,345,786,912,1,1,0,"1.518324",0,"../code-selection/mixedcode_benchmarks/starcoder2-7b/type03_130/mixed_code_004.json","../code-selection/mixedcode_benchmarks/starcoder2-7b/type03_130/mixed_code_004.py"
"type03_130",130,4,"mixed_code_004.py",6,"hwc_mixed_004_06","HWC",0,0,1151,"line1151_human",128,63,127,3697,4260,563,981,1108,1,1,0,"1.279644",0,"../code-selection/mixedcode_benchmarks/starcoder2-7b/type03_130/mixed_code_004.json","../code-selection/mixedcode_benchmarks/starcoder2-7b/type03_130/mixed_code_004.py"
"type03_130",130,5,"mixed_code_005.py",1,"hwc_mixed_005_01","HWC",0,0,1766,"line1766_human",130,15,129,90,563,473,14,143,2,2,0,"1.357031",0,"../code-selection/mixedcode_benchmarks/starcoder2-7b/type03_130/mixed_code_005.json","../code-selection/mixedcode_benchmarks/starcoder2-7b/type03_130/mixed_code_005.py"
"type03_130",130,5,"mixed_code_005.py",2,"hwc_mixed_005_02","HWC",0,0,50,"line50_human",125,8,124,633,878,245,156,280,1,1,0,"1.198248",0,"../code-selection/mixedcode_benchmarks/starcoder2-7b/type03_130/mixed_code_005.json","../code-selection/mixedcode_benchmarks/starcoder2-7b/type03_130/mixed_code_005.py"
"type03_130",130,5,"mixed_code_005.py",3,"hwc_mixed_005_03","HWC",0,0,3964,"line3964_human",121,34,120,1302,1755,453,417,537,1,1,0,"1.474475",0,"../code-selection/mixedcode_benchmarks/starcoder2-7b/type03_130/mixed_code_005.json","../code-selection/mixedcode_benchmarks/starcoder2-7b/type03_130/mixed_code_005.py"
"type03_130",130,5,"mixed_code_005.py",4,"agc_mixed_005_04","AGC",1,1,3628,"line3628_lm",127,40,126,1880,2311,431,548,674,1,1,0,"1.613092",1,"../code-selection/mixedcode_benchmarks/starcoder2-7b/type03_130/mixed_code_005.json","../code-selection/mixedcode_benchmarks/starcoder2-7b/type03_130/mixed_code_005.py"
"type03_130",130,5,"mixed_code_005.py",5,"agc_mixed_005_05","AGC",1,1,3237,"line3237_lm",125,45,124,2480,2852,372,728,852,1,1,0,"1.755465",1,"../code-selection/mixedcode_benchmarks/starcoder2-7b/type03_130/mixed_code_005.json","../code-selection/mixedcode_benchmarks/starcoder2-7b/type03_130/mixed_code_005.py"
"type03_130",130,5,"mixed_code_005.py",6,"agc_mixed_005_06","AGC",1,1,1976,"line1976_lm",130,49,129,3103,3641,538,894,1023,2,2,0,"1.654171",1,"../code-selection/mixedcode_benchmarks/starcoder2-7b/type03_130/mixed_code_005.json","../code-selection/mixedcode_benchmarks/starcoder2-7b/type03_130/mixed_code_005.py"
"type04_140",140,1,"mixed_code_001.py",1,"hwc_mixed_001_01","HWC",0,0,1418,"line1418_human",134,26,133,99,479,380,17,150,2,2,0,"1.236947",0,"../code-selection/mixedcode_benchmarks/starcoder2-7b/type04_140/mixed_code_001.json","../code-selection/mixedcode_benchmarks/starcoder2-7b/type04_140/mixed_code_001.py"
"type04_140",140,1,"mixed_code_001.py",2,"agc_mixed_001_02","AGC",1,1,3632,"line3632_lm",132,54,131,676,1085,409,187,318,2,2,0,"1.879732",1,"../code-selection/mixedcode_benchmarks/starcoder2-7b/type04_140/mixed_code_001.json","../code-selection/mixedcode_benchmarks/starcoder2-7b/type04_140/mixed_code_001.py"
"type04_140",140,1,"mixed_code_001.py",3,"hwc_mixed_001_03","HWC",0,0,4357,"line4357_human",133,30,132,1343,1687,344,387,519,2,2,0,"1.341126",0,"../code-selection/mixedcode_benchmarks/starcoder2-7b/type04_140/mixed_code_001.json","../code-selection/mixedcode_benchmarks/starcoder2-7b/type04_140/mixed_code_001.py"
"type04_140",140,1,"mixed_code_001.py",4,"agc_mixed_001_04","AGC",1,1,3645,"line3645_lm",135,64,134,2226,2756,530,672,806,2,2,0,"1.419548",0,"../code-selection/mixedcode_benchmarks/starcoder2-7b/type04_140/mixed_code_001.json","../code-selection/mixedcode_benchmarks/starcoder2-7b/type04_140/mixed_code_001.py"
"type04_140",140,1,"mixed_code_001.py",5,"hwc_mixed_001_05","HWC",0,0,4903,"line4903_human",138,49,137,2889,3312,423,829,966,2,2,0,"1.197528",0,"../code-selection/mixedcode_benchmarks/starcoder2-7b/type04_140/mixed_code_001.json","../code-selection/mixedcode_benchmarks/starcoder2-7b/type04_140/mixed_code_001.py"
"type04_140",140,1,"mixed_code_001.py",6,"agc_mixed_001_06","AGC",1,1,2067,"line2067_lm",131,35,130,3722,4090,368,1068,1198,2,2,0,"1.717490",1,"../code-selection/mixedcode_benchmarks/starcoder2-7b/type04_140/mixed_code_001.json","../code-selection/mixedcode_benchmarks/starcoder2-7b/type04_140/mixed_code_001.py"
"type04_140",140,2,"mixed_code_002.py",1,"agc_mixed_002_01","AGC",1,1,5133,"line5133_lm",133,28,132,145,534,389,38,170,2,2,0,"1.802680",1,"../code-selection/mixedcode_benchmarks/starcoder2-7b/type04_140/mixed_code_002.json","../code-selection/mixedcode_benchmarks/starcoder2-7b/type04_140/mixed_code_002.py"
"type04_140",140,2,"mixed_code_002.py",2,"hwc_mixed_002_02","HWC",0,0,6117,"line6117_human",135,11,134,745,987,242,197,331,2,2,0,"1.144632",0,"../code-selection/mixedcode_benchmarks/starcoder2-7b/type04_140/mixed_code_002.json","../code-selection/mixedcode_benchmarks/starcoder2-7b/type04_140/mixed_code_002.py"
"type04_140",140,2,"mixed_code_002.py",3,"agc_mixed_002_03","AGC",1,1,2179,"line2179_lm",135,27,134,1158,1606,448,362,496,2,2,0,"1.666938",1,"../code-selection/mixedcode_benchmarks/starcoder2-7b/type04_140/mixed_code_002.json","../code-selection/mixedcode_benchmarks/starcoder2-7b/type04_140/mixed_code_002.py"
"type04_140",140,2,"mixed_code_002.py",4,"hwc_mixed_002_04","HWC",0,0,2819,"line2819_human",138,36,137,1732,2159,427,523,660,2,2,0,"1.318630",0,"../code-selection/mixedcode_benchmarks/starcoder2-7b/type04_140/mixed_code_002.json","../code-selection/mixedcode_benchmarks/starcoder2-7b/type04_140/mixed_code_002.py"
"type04_140",140,2,"mixed_code_002.py",5,"agc_mixed_002_05","AGC",1,1,1244,"line1244_lm",138,44,137,2731,3244,513,786,923,2,2,0,"1.728209",1,"../code-selection/mixedcode_benchmarks/starcoder2-7b/type04_140/mixed_code_002.json","../code-selection/mixedcode_benchmarks/starcoder2-7b/type04_140/mixed_code_002.py"
"type04_140",140,2,"mixed_code_002.py",6,"hwc_mixed_002_06","HWC",0,0,2669,"line2669_human",138,45,137,3311,3874,563,936,1073,2,2,0,"1.513451",0,"../code-selection/mixedcode_benchmarks/starcoder2-7b/type04_140/mixed_code_002.json","../code-selection/mixedcode_benchmarks/starcoder2-7b/type04_140/mixed_code_002.py"
"type04_140",140,3,"mixed_code_003.py",1,"agc_mixed_003_01","AGC",1,1,2411,"line2411_lm",140,43,139,331,792,461,74,213,2,2,0,"1.755311",1,"../code-selection/mixedcode_benchmarks/starcoder2-7b/type04_140/mixed_code_003.json","../code-selection/mixedcode_benchmarks/starcoder2-7b/type04_140/mixed_code_003.py"
"type04_140",140,3,"mixed_code_003.py",2,"hwc_mixed_003_02","HWC",0,0,4516,"line4516_human",135,42,134,1219,1624,405,283,417,2,2,0,"1.522121",1,"../code-selection/mixedcode_benchmarks/starcoder2-7b/type04_140/mixed_code_003.json","../code-selection/mixedcode_benchmarks/starcoder2-7b/type04_140/mixed_code_003.py"
"type04_140",140,3,"mixed_code_003.py",3,"hwc_mixed_003_03","HWC",0,0,3709,"line3709_human",138,44,137,1800,2508,708,451,588,2,2,0,"1.371525",0,"../code-selection/mixedcode_benchmarks/starcoder2-7b/type04_140/mixed_code_003.json","../code-selection/mixedcode_benchmarks/starcoder2-7b/type04_140/mixed_code_003.py"
"type04_140",140,3,"mixed_code_003.py",4,"hwc_mixed_003_04","HWC",0,0,3138,"line3138_human",131,28,130,2866,3261,395,671,801,2,2,0,"1.650169",1,"../code-selection/mixedcode_benchmarks/starcoder2-7b/type04_140/mixed_code_003.json","../code-selection/mixedcode_benchmarks/starcoder2-7b/type04_140/mixed_code_003.py"
"type04_140",140,3,"mixed_code_003.py",5,"agc_mixed_003_05","AGC",1,1,4597,"line4597_lm",138,28,137,3525,3888,363,868,1005,2,2,0,"1.669600",1,"../code-selection/mixedcode_benchmarks/starcoder2-7b/type04_140/mixed_code_003.json","../code-selection/mixedcode_benchmarks/starcoder2-7b/type04_140/mixed_code_003.py"
"type04_140",140,3,"mixed_code_003.py",6,"agc_mixed_003_06","AGC",1,1,2152,"line2152_lm",138,51,137,4042,4545,503,1030,1167,2,2,0,"2.343933",1,"../code-selection/mixedcode_benchmarks/starcoder2-7b/type04_140/mixed_code_003.json","../code-selection/mixedcode_benchmarks/starcoder2-7b/type04_140/mixed_code_003.py"
"type04_140",140,4,"mixed_code_004.py",1,"hwc_mixed_004_01","HWC",0,0,1145,"line1145_human",135,40,134,390,883,493,190,324,2,2,0,"1.228893",0,"../code-selection/mixedcode_benchmarks/starcoder2-7b/type04_140/mixed_code_004.json","../code-selection/mixedcode_benchmarks/starcoder2-7b/type04_140/mixed_code_004.py"
"type04_140",140,4,"mixed_code_004.py",2,"hwc_mixed_004_02","HWC",0,0,481,"line481_human",132,26,131,1084,1488,404,356,487,2,2,0,"1.375081",0,"../code-selection/mixedcode_benchmarks/starcoder2-7b/type04_140/mixed_code_004.json","../code-selection/mixedcode_benchmarks/starcoder2-7b/type04_140/mixed_code_004.py"
"type04_140",140,4,"mixed_code_004.py",3,"agc_mixed_004_03","AGC",1,1,6115,"line6115_lm",132,49,131,2019,2518,499,617,748,2,2,0,"1.648384",1,"../code-selection/mixedcode_benchmarks/starcoder2-7b/type04_140/mixed_code_004.json","../code-selection/mixedcode_benchmarks/starcoder2-7b/type04_140/mixed_code_004.py"
"type04_140",140,4,"mixed_code_004.py",4,"agc_mixed_004_04","AGC",1,1,5059,"line5059_lm",132,33,131,2609,3139,530,761,892,2,2,0,"2.058836",1,"../code-selection/mixedcode_benchmarks/starcoder2-7b/type04_140/mixed_code_004.json","../code-selection/mixedcode_benchmarks/starcoder2-7b/type04_140/mixed_code_004.py"
"type04_140",140,4,"mixed_code_004.py",5,"hwc_mixed_004_05","HWC",0,0,3221,"line3221_human",134,59,133,3257,3728,471,913,1046,2,2,0,"1.216782",0,"../code-selection/mixedcode_benchmarks/starcoder2-7b/type04_140/mixed_code_004.json","../code-selection/mixedcode_benchmarks/starcoder2-7b/type04_140/mixed_code_004.py"
"type04_140",140,4,"mixed_code_004.py",6,"agc_mixed_004_06","AGC",1,1,3074,"line3074_lm",136,24,135,4076,4473,397,1143,1278,2,2,0,"1.874627",1,"../code-selection/mixedcode_benchmarks/starcoder2-7b/type04_140/mixed_code_004.json","../code-selection/mixedcode_benchmarks/starcoder2-7b/type04_140/mixed_code_004.py"
"type04_140",140,5,"mixed_code_005.py",1,"agc_mixed_005_01","AGC",1,1,6033,"line6033_lm",138,25,137,128,515,387,25,162,2,2,0,"1.899059",1,"../code-selection/mixedcode_benchmarks/starcoder2-7b/type04_140/mixed_code_005.json","../code-selection/mixedcode_benchmarks/starcoder2-7b/type04_140/mixed_code_005.py"
"type04_140",140,5,"mixed_code_005.py",2,"agc_mixed_005_02","AGC",1,1,1897,"line1897_lm",138,33,137,760,1170,410,218,355,2,2,0,"1.606443",1,"../code-selection/mixedcode_benchmarks/starcoder2-7b/type04_140/mixed_code_005.json","../code-selection/mixedcode_benchmarks/starcoder2-7b/type04_140/mixed_code_005.py"
"type04_140",140,5,"mixed_code_005.py",3,"hwc_mixed_005_03","HWC",0,0,918,"line918_human",139,22,138,1339,1647,308,392,530,2,2,0,"1.569601",1,"../code-selection/mixedcode_benchmarks/starcoder2-7b/type04_140/mixed_code_005.json","../code-selection/mixedcode_benchmarks/starcoder2-7b/type04_140/mixed_code_005.py"
"type04_140",140,5,"mixed_code_005.py",4,"hwc_mixed_005_04","HWC",0,0,4122,"line4122_human",136,47,135,1836,2398,562,566,701,2,2,0,"1.605635",1,"../code-selection/mixedcode_benchmarks/starcoder2-7b/type04_140/mixed_code_005.json","../code-selection/mixedcode_benchmarks/starcoder2-7b/type04_140/mixed_code_005.py"
"type04_140",140,5,"mixed_code_005.py",5,"agc_mixed_005_05","AGC",1,1,2030,"line2030_lm",139,30,138,2644,3039,395,743,881,2,2,0,"1.869792",1,"../code-selection/mixedcode_benchmarks/starcoder2-7b/type04_140/mixed_code_005.json","../code-selection/mixedcode_benchmarks/starcoder2-7b/type04_140/mixed_code_005.py"
"type04_140",140,5,"mixed_code_005.py",6,"hwc_mixed_005_06","HWC",0,0,2363,"line2363_human",134,31,133,3153,3519,366,915,1048,2,2,0,"1.990002",1,"../code-selection/mixedcode_benchmarks/starcoder2-7b/type04_140/mixed_code_005.json","../code-selection/mixedcode_benchmarks/starcoder2-7b/type04_140/mixed_code_005.py"
"type05_150",150,1,"mixed_code_001.py",1,"hwc_mixed_001_01","HWC",0,0,2409,"line2409_human",149,23,148,119,609,490,28,176,2,2,0,"1.244152",0,"../code-selection/mixedcode_benchmarks/starcoder2-7b/type05_150/mixed_code_001.json","../code-selection/mixedcode_benchmarks/starcoder2-7b/type05_150/mixed_code_001.py"
"type05_150",150,1,"mixed_code_001.py",2,"agc_mixed_001_02","AGC",1,1,7098,"line7098_lm",148,32,147,857,1348,491,246,393,2,2,0,"2.238854",1,"../code-selection/mixedcode_benchmarks/starcoder2-7b/type05_150/mixed_code_001.json","../code-selection/mixedcode_benchmarks/starcoder2-7b/type05_150/mixed_code_001.py"
"type05_150",150,1,"mixed_code_001.py",3,"agc_mixed_001_03","AGC",1,1,5163,"line5163_lm",141,28,140,1685,2133,448,483,623,2,2,0,"1.746792",1,"../code-selection/mixedcode_benchmarks/starcoder2-7b/type05_150/mixed_code_001.json","../code-selection/mixedcode_benchmarks/starcoder2-7b/type05_150/mixed_code_001.py"
"type05_150",150,1,"mixed_code_001.py",4,"agc_mixed_001_04","AGC",1,1,5199,"line5199_lm",142,33,141,2725,3140,415,785,926,2,2,0,"1.530252",1,"../code-selection/mixedcode_benchmarks/starcoder2-7b/type05_150/mixed_code_001.json","../code-selection/mixedcode_benchmarks/starcoder2-7b/type05_150/mixed_code_001.py"
"type05_150",150,1,"mixed_code_001.py",5,"hwc_mixed_001_05","HWC",0,0,3092,"line3092_human",142,56,141,3255,3869,614,946,1087,2,2,0,"1.665502",1,"../code-selection/mixedcode_benchmarks/starcoder2-7b/type05_150/mixed_code_001.json","../code-selection/mixedcode_benchmarks/starcoder2-7b/type05_150/mixed_code_001.py"
"type05_150",150,1,"mixed_code_001.py",6,"hwc_mixed_001_06","HWC",0,0,5390,"line5390_human",149,48,148,4024,4521,497,1121,1269,2,2,0,"1.433047",0,"../code-selection/mixedcode_benchmarks/starcoder2-7b/type05_150/mixed_code_001.json","../code-selection/mixedcode_benchmarks/starcoder2-7b/type05_150/mixed_code_001.py"
"type05_150",150,2,"mixed_code_002.py",1,"hwc_mixed_002_01","HWC",0,0,275,"line275_human",143,42,142,272,966,694,71,213,2,2,0,"1.293136",0,"../code-selection/mixedcode_benchmarks/starcoder2-7b/type05_150/mixed_code_002.json","../code-selection/mixedcode_benchmarks/starcoder2-7b/type05_150/mixed_code_002.py"
"type05_150",150,2,"mixed_code_002.py",2,"agc_mixed_002_02","AGC",1,1,6259,"line6259_lm",144,39,143,1468,1837,369,344,487,2,2,0,"1.644884",1,"../code-selection/mixedcode_benchmarks/starcoder2-7b/type05_150/mixed_code_002.json","../code-selection/mixedcode_benchmarks/starcoder2-7b/type05_150/mixed_code_002.py"
"type05_150",150,2,"mixed_code_002.py",3,"agc_mixed_002_03","AGC",1,1,7114,"line7114_lm",144,19,143,1918,2262,344,502,645,2,2,0,"1.623848",1,"../code-selection/mixedcode_benchmarks/starcoder2-7b/type05_150/mixed_code_002.json","../code-selection/mixedcode_benchmarks/starcoder2-7b/type05_150/mixed_code_002.py"
"type05_150",150,2,"mixed_code_002.py",4,"agc_mixed_002_04","AGC",1,1,3745,"line3745_lm",142,22,141,2584,2977,393,758,899,2,2,0,"1.586655",1,"../code-selection/mixedcode_benchmarks/starcoder2-7b/type05_150/mixed_code_002.json","../code-selection/mixedcode_benchmarks/starcoder2-7b/type05_150/mixed_code_002.py"
"type05_150",150,2,"mixed_code_002.py",5,"hwc_mixed_002_05","HWC",0,0,3569,"line3569_human",141,63,140,3092,3829,737,920,1060,2,2,0,"1.242204",0,"../code-selection/mixedcode_benchmarks/starcoder2-7b/type05_150/mixed_code_002.json","../code-selection/mixedcode_benchmarks/starcoder2-7b/type05_150/mixed_code_002.py"
"type05_150",150,2,"mixed_code_002.py",6,"hwc_mixed_002_06","HWC",0,0,4586,"line4586_human",148,32,147,3913,4437,524,1076,1223,2,2,0,"1.384664",0,"../code-selection/mixedcode_benchmarks/starcoder2-7b/type05_150/mixed_code_002.json","../code-selection/mixedcode_benchmarks/starcoder2-7b/type05_150/mixed_code_002.py"
"type05_150",150,3,"mixed_code_003.py",1,"agc_mixed_003_01","AGC",1,1,3575,"line3575_lm",145,74,144,578,1355,777,139,283,2,2,0,"1.833769",1,"../code-selection/mixedcode_benchmarks/starcoder2-7b/type05_150/mixed_code_003.json","../code-selection/mixedcode_benchmarks/starcoder2-7b/type05_150/mixed_code_003.py"
"type05_150",150,3,"mixed_code_003.py",2,"agc_mixed_003_02","AGC",1,1,4295,"line4295_lm",142,35,141,1742,2143,401,379,520,2,2,0,"1.831879",1,"../code-selection/mixedcode_benchmarks/starcoder2-7b/type05_150/mixed_code_003.json","../code-selection/mixedcode_benchmarks/starcoder2-7b/type05_150/mixed_code_003.py"
"type05_150",150,3,"mixed_code_003.py",3,"hwc_mixed_003_03","HWC",0,0,5660,"line5660_human",150,63,149,2371,2940,569,582,731,2,2,0,"1.596849",1,"../code-selection/mixedcode_benchmarks/starcoder2-7b/type05_150/mixed_code_003.json","../code-selection/mixedcode_benchmarks/starcoder2-7b/type05_150/mixed_code_003.py"
"type05_150",150,3,"mixed_code_003.py",4,"agc_mixed_003_04","AGC",1,1,5155,"line5155_lm",150,28,149,3273,3597,324,796,945,2,2,0,"1.683024",1,"../code-selection/mixedcode_benchmarks/starcoder2-7b/type05_150/mixed_code_003.json","../code-selection/mixedcode_benchmarks/starcoder2-7b/type05_150/mixed_code_003.py"
"type05_150",150,3,"mixed_code_003.py",5,"hwc_mixed_003_05","HWC",0,0,981,"line981_human",145,41,144,3741,4106,365,973,1117,2,2,0,"1.529909",1,"../code-selection/mixedcode_benchmarks/starcoder2-7b/type05_150/mixed_code_003.json","../code-selection/mixedcode_benchmarks/starcoder2-7b/type05_150/mixed_code_003.py"
"type05_150",150,3,"mixed_code_003.py",6,"hwc_mixed_003_06","HWC",0,0,167,"line167_human",142,28,141,4221,4661,440,1138,1279,2,2,0,"1.390234",0,"../code-selection/mixedcode_benchmarks/starcoder2-7b/type05_150/mixed_code_003.json","../code-selection/mixedcode_benchmarks/starcoder2-7b/type05_150/mixed_code_003.py"
"type05_150",150,4,"mixed_code_004.py",1,"agc_mixed_004_01","AGC",1,1,4314,"line4314_lm",148,53,147,263,830,567,55,202,2,2,0,"1.612310",1,"../code-selection/mixedcode_benchmarks/starcoder2-7b/type05_150/mixed_code_004.json","../code-selection/mixedcode_benchmarks/starcoder2-7b/type05_150/mixed_code_004.py"
"type05_150",150,4,"mixed_code_004.py",2,"hwc_mixed_004_02","HWC",0,0,6748,"line6748_human",146,36,145,985,1516,531,245,390,2,2,0,"1.200512",0,"../code-selection/mixedcode_benchmarks/starcoder2-7b/type05_150/mixed_code_004.json","../code-selection/mixedcode_benchmarks/starcoder2-7b/type05_150/mixed_code_004.py"
"type05_150",150,4,"mixed_code_004.py",3,"agc_mixed_004_03","AGC",1,1,2819,"line2819_lm",142,33,141,1642,2066,424,417,558,2,2,0,"1.699534",1,"../code-selection/mixedcode_benchmarks/starcoder2-7b/type05_150/mixed_code_004.json","../code-selection/mixedcode_benchmarks/starcoder2-7b/type05_150/mixed_code_004.py"
"type05_150",150,4,"mixed_code_004.py",4,"agc_mixed_004_04","AGC",1,1,287,"line287_lm",148,38,147,2609,3089,480,708,855,2,2,0,"1.874404",1,"../code-selection/mixedcode_benchmarks/starcoder2-7b/type05_150/mixed_code_004.json","../code-selection/mixedcode_benchmarks/starcoder2-7b/type05_150/mixed_code_004.py"
"type05_150",150,4,"mixed_code_004.py",5,"hwc_mixed_004_05","HWC",0,0,1786,"line1786_human",149,69,148,3171,3755,584,873,1021,2,2,0,"1.428594",0,"../code-selection/mixedcode_benchmarks/starcoder2-7b/type05_150/mixed_code_004.json","../code-selection/mixedcode_benchmarks/starcoder2-7b/type05_150/mixed_code_004.py"
"type05_150",150,4,"mixed_code_004.py",6,"hwc_mixed_004_06","HWC",0,0,2592,"line2592_human",146,33,145,3972,4333,361,1097,1242,2,2,0,"1.464164",0,"../code-selection/mixedcode_benchmarks/starcoder2-7b/type05_150/mixed_code_004.json","../code-selection/mixedcode_benchmarks/starcoder2-7b/type05_150/mixed_code_004.py"
"type05_150",150,5,"mixed_code_005.py",1,"hwc_mixed_005_01","HWC",0,0,1171,"line1171_human",147,34,146,370,911,541,92,238,2,2,0,"1.398751",0,"../code-selection/mixedcode_benchmarks/starcoder2-7b/type05_150/mixed_code_005.json","../code-selection/mixedcode_benchmarks/starcoder2-7b/type05_150/mixed_code_005.py"
"type05_150",150,5,"mixed_code_005.py",2,"agc_mixed_005_02","AGC",1,1,3621,"line3621_lm",149,23,148,1473,1860,387,394,542,2,2,0,"1.378646",0,"../code-selection/mixedcode_benchmarks/starcoder2-7b/type05_150/mixed_code_005.json","../code-selection/mixedcode_benchmarks/starcoder2-7b/type05_150/mixed_code_005.py"
"type05_150",150,5,"mixed_code_005.py",3,"hwc_mixed_005_03","HWC",0,0,739,"line739_human",145,34,144,1966,2373,407,561,705,2,2,0,"1.409894",0,"../code-selection/mixedcode_benchmarks/starcoder2-7b/type05_150/mixed_code_005.json","../code-selection/mixedcode_benchmarks/starcoder2-7b/type05_150/mixed_code_005.py"
"type05_150",150,5,"mixed_code_005.py",4,"agc_mixed_005_04","AGC",1,1,2756,"line2756_lm",146,49,145,2872,3316,444,842,987,2,2,0,"1.450473",0,"../code-selection/mixedcode_benchmarks/starcoder2-7b/type05_150/mixed_code_005.json","../code-selection/mixedcode_benchmarks/starcoder2-7b/type05_150/mixed_code_005.py"
"type05_150",150,5,"mixed_code_005.py",5,"hwc_mixed_005_05","HWC",0,0,2031,"line2031_human",150,11,149,3424,3760,336,1002,1151,2,2,0,"1.135045",0,"../code-selection/mixedcode_benchmarks/starcoder2-7b/type05_150/mixed_code_005.json","../code-selection/mixedcode_benchmarks/starcoder2-7b/type05_150/mixed_code_005.py"
"type05_150",150,5,"mixed_code_005.py",6,"agc_mixed_005_06","AGC",1,1,647,"line647_lm",148,36,147,4028,4432,404,1214,1361,2,2,0,"1.384447",0,"../code-selection/mixedcode_benchmarks/starcoder2-7b/type05_150/mixed_code_005.json","../code-selection/mixedcode_benchmarks/starcoder2-7b/type05_150/mixed_code_005.py"
"type06_160",160,1,"mixed_code_001.py",1,"agc_mixed_001_01","AGC",1,1,5330,"line5330_lm",156,50,155,573,1203,630,128,283,2,2,0,"1.534977",1,"../code-selection/mixedcode_benchmarks/starcoder2-7b/type06_160/mixed_code_001.json","../code-selection/mixedcode_benchmarks/starcoder2-7b/type06_160/mixed_code_001.py"
"type06_160",160,1,"mixed_code_001.py",2,"hwc_mixed_001_02","HWC",0,0,6208,"line6208_human",154,48,153,1315,1811,496,306,459,2,2,0,"1.541588",1,"../code-selection/mixedcode_benchmarks/starcoder2-7b/type06_160/mixed_code_001.json","../code-selection/mixedcode_benchmarks/starcoder2-7b/type06_160/mixed_code_001.py"
"type06_160",160,1,"mixed_code_001.py",3,"agc_mixed_001_03","AGC",1,1,1766,"line1766_lm",154,35,153,1903,2534,631,473,626,2,2,0,"1.955308",1,"../code-selection/mixedcode_benchmarks/starcoder2-7b/type06_160/mixed_code_001.json","../code-selection/mixedcode_benchmarks/starcoder2-7b/type06_160/mixed_code_001.py"
"type06_160",160,1,"mixed_code_001.py",4,"agc_mixed_001_04","AGC",1,1,437,"line437_lm",152,36,151,2939,3403,464,757,908,2,2,0,"1.724477",1,"../code-selection/mixedcode_benchmarks/starcoder2-7b/type06_160/mixed_code_001.json","../code-selection/mixedcode_benchmarks/starcoder2-7b/type06_160/mixed_code_001.py"
"type06_160",160,1,"mixed_code_001.py",5,"hwc_mixed_001_05","HWC",0,0,4974,"line4974_human",152,50,151,3633,4150,517,961,1112,2,2,0,"1.262237",0,"../code-selection/mixedcode_benchmarks/starcoder2-7b/type06_160/mixed_code_001.json","../code-selection/mixedcode_benchmarks/starcoder2-7b/type06_160/mixed_code_001.py"
"type06_160",160,1,"mixed_code_001.py",6,"hwc_mixed_001_06","HWC",0,0,5054,"line5054_human",153,69,152,4307,4980,673,1146,1298,2,2,0,"1.383305",0,"../code-selection/mixedcode_benchmarks/starcoder2-7b/type06_160/mixed_code_001.json","../code-selection/mixedcode_benchmarks/starcoder2-7b/type06_160/mixed_code_001.py"
"type06_160",160,2,"mixed_code_002.py",1,"hwc_mixed_002_01","HWC",0,0,4124,"line4124_human",152,36,151,163,535,372,41,192,2,2,0,"1.548572",1,"../code-selection/mixedcode_benchmarks/starcoder2-7b/type06_160/mixed_code_002.json","../code-selection/mixedcode_benchmarks/starcoder2-7b/type06_160/mixed_code_002.py"
"type06_160",160,2,"mixed_code_002.py",2,"agc_mixed_002_02","AGC",1,1,4996,"line4996_lm",159,36,158,667,1037,370,212,370,2,2,0,"1.725114",1,"../code-selection/mixedcode_benchmarks/starcoder2-7b/type06_160/mixed_code_002.json","../code-selection/mixedcode_benchmarks/starcoder2-7b/type06_160/mixed_code_002.py"
"type06_160",160,2,"mixed_code_002.py",3,"hwc_mixed_002_03","HWC",0,0,1595,"line1595_human",151,73,150,1127,1772,645,385,535,2,2,0,"1.300446",0,"../code-selection/mixedcode_benchmarks/starcoder2-7b/type06_160/mixed_code_002.json","../code-selection/mixedcode_benchmarks/starcoder2-7b/type06_160/mixed_code_002.py"
"type06_160",160,2,"mixed_code_002.py",4,"agc_mixed_002_04","AGC",1,1,7080,"line7080_lm",152,17,151,2051,2360,309,605,756,2,2,0,"1.562433",1,"../code-selection/mixedcode_benchmarks/starcoder2-7b/type06_160/mixed_code_002.json","../code-selection/mixedcode_benchmarks/starcoder2-7b/type06_160/mixed_code_002.py"
"type06_160",160,2,"mixed_code_002.py",5,"agc_mixed_002_05","AGC",1,1,2374,"line2374_lm",152,62,151,2822,3447,625,837,988,2,2,0,"1.454956",0,"../code-selection/mixedcode_benchmarks/starcoder2-7b/type06_160/mixed_code_002.json","../code-selection/mixedcode_benchmarks/starcoder2-7b/type06_160/mixed_code_002.py"
"type06_160",160,2,"mixed_code_002.py",6,"hwc_mixed_002_06","HWC",0,0,6027,"line6027_human",154,34,153,3860,4418,558,1070,1223,2,2,0,"1.291925",0,"../code-selection/mixedcode_benchmarks/starcoder2-7b/type06_160/mixed_code_002.json","../code-selection/mixedcode_benchmarks/starcoder2-7b/type06_160/mixed_code_002.py"
"type06_160",160,3,"mixed_code_003.py",1,"agc_mixed_003_01","AGC",1,1,1955,"line1955_lm",160,17,159,66,344,278,12,171,2,2,0,"2.368864",1,"../code-selection/mixedcode_benchmarks/starcoder2-7b/type06_160/mixed_code_003.json","../code-selection/mixedcode_benchmarks/starcoder2-7b/type06_160/mixed_code_003.py"
"type06_160",160,3,"mixed_code_003.py",2,"agc_mixed_003_02","AGC",1,1,5160,"line5160_lm",155,32,154,938,1376,438,357,511,2,2,0,"1.405146",0,"../code-selection/mixedcode_benchmarks/starcoder2-7b/type06_160/mixed_code_003.json","../code-selection/mixedcode_benchmarks/starcoder2-7b/type06_160/mixed_code_003.py"
"type06_160",160,3,"mixed_code_003.py",3,"hwc_mixed_003_03","HWC",0,0,4413,"line4413_human",160,16,159,1495,1888,393,544,703,2,2,0,"1.134352",0,"../code-selection/mixedcode_benchmarks/starcoder2-7b/type06_160/mixed_code_003.json","../code-selection/mixedcode_benchmarks/starcoder2-7b/type06_160/mixed_code_003.py"
"type06_160",160,3,"mixed_code_003.py",4,"hwc_mixed_003_04","HWC",0,0,2694,"line2694_human",156,59,155,2348,2814,466,819,974,2,2,0,"1.432320",0,"../code-selection/mixedcode_benchmarks/starcoder2-7b/type06_160/mixed_code_003.json","../code-selection/mixedcode_benchmarks/starcoder2-7b/type06_160/mixed_code_003.py"
"type06_160",160,3,"mixed_code_003.py",5,"hwc_mixed_003_05","HWC",0,0,3592,"line3592_human",156,32,155,2961,3479,518,1022,1177,2,2,0,"1.228288",0,"../code-selection/mixedcode_benchmarks/starcoder2-7b/type06_160/mixed_code_003.json","../code-selection/mixedcode_benchmarks/starcoder2-7b/type06_160/mixed_code_003.py"
"type06_160",160,3,"mixed_code_003.py",6,"agc_mixed_003_06","AGC",1,1,5951,"line5951_lm",155,19,154,3599,4060,461,1200,1354,2,2,0,"1.729378",1,"../code-selection/mixedcode_benchmarks/starcoder2-7b/type06_160/mixed_code_003.json","../code-selection/mixedcode_benchmarks/starcoder2-7b/type06_160/mixed_code_003.py"
"type06_160",160,4,"mixed_code_004.py",1,"hwc_mixed_004_01","HWC",0,0,533,"line533_human",159,24,158,282,685,403,86,244,2,2,0,"1.438083",0,"../code-selection/mixedcode_benchmarks/starcoder2-7b/type06_160/mixed_code_004.json","../code-selection/mixedcode_benchmarks/starcoder2-7b/type06_160/mixed_code_004.py"
"type06_160",160,4,"mixed_code_004.py",2,"agc_mixed_004_02","AGC",1,1,3603,"line3603_lm",153,54,152,855,1377,522,281,433,2,2,0,"1.549949",1,"../code-selection/mixedcode_benchmarks/starcoder2-7b/type06_160/mixed_code_004.json","../code-selection/mixedcode_benchmarks/starcoder2-7b/type06_160/mixed_code_004.py"
"type06_160",160,4,"mixed_code_004.py",3,"hwc_mixed_004_03","HWC",0,0,4246,"line4246_human",159,95,158,1811,2711,900,492,650,2,2,0,"1.859734",1,"../code-selection/mixedcode_benchmarks/starcoder2-7b/type06_160/mixed_code_004.json","../code-selection/mixedcode_benchmarks/starcoder2-7b/type06_160/mixed_code_004.py"
"type06_160",160,4,"mixed_code_004.py",4,"agc_mixed_004_04","AGC",1,1,1120,"line1120_lm",151,42,150,3023,3464,441,719,869,2,2,0,"1.582257",1,"../code-selection/mixedcode_benchmarks/starcoder2-7b/type06_160/mixed_code_004.json","../code-selection/mixedcode_benchmarks/starcoder2-7b/type06_160/mixed_code_004.py"
"type06_160",160,4,"mixed_code_004.py",5,"hwc_mixed_004_05","HWC",0,0,5128,"line5128_human",151,44,150,3664,4139,475,912,1062,2,2,0,"1.530127",1,"../code-selection/mixedcode_benchmarks/starcoder2-7b/type06_160/mixed_code_004.json","../code-selection/mixedcode_benchmarks/starcoder2-7b/type06_160/mixed_code_004.py"
"type06_160",160,4,"mixed_code_004.py",6,"agc_mixed_004_06","AGC",1,1,3852,"line3852_lm",153,30,152,4641,5055,414,1193,1345,2,2,0,"1.427100",0,"../code-selection/mixedcode_benchmarks/starcoder2-7b/type06_160/mixed_code_004.json","../code-selection/mixedcode_benchmarks/starcoder2-7b/type06_160/mixed_code_004.py"
"type06_160",160,5,"mixed_code_005.py",1,"agc_mixed_005_01","AGC",1,1,5704,"line5704_lm",153,52,152,212,747,535,43,195,2,2,0,"1.451882",0,"../code-selection/mixedcode_benchmarks/starcoder2-7b/type06_160/mixed_code_005.json","../code-selection/mixedcode_benchmarks/starcoder2-7b/type06_160/mixed_code_005.py"
"type06_160",160,5,"mixed_code_005.py",2,"agc_mixed_005_02","AGC",1,1,6867,"line6867_lm",158,23,157,1372,1736,364,349,506,2,2,0,"1.915505",1,"../code-selection/mixedcode_benchmarks/starcoder2-7b/type06_160/mixed_code_005.json","../code-selection/mixedcode_benchmarks/starcoder2-7b/type06_160/mixed_code_005.py"
"type06_160",160,5,"mixed_code_005.py",3,"hwc_mixed_005_03","HWC",0,0,5749,"line5749_human",159,35,158,1926,2398,472,556,714,2,2,0,"1.299410",0,"../code-selection/mixedcode_benchmarks/starcoder2-7b/type06_160/mixed_code_005.json","../code-selection/mixedcode_benchmarks/starcoder2-7b/type06_160/mixed_code_005.py"
"type06_160",160,5,"mixed_code_005.py",4,"hwc_mixed_005_04","HWC",0,0,6587,"line6587_human",151,52,150,2615,3169,554,769,919,2,2,0,"1.197186",0,"../code-selection/mixedcode_benchmarks/starcoder2-7b/type06_160/mixed_code_005.json","../code-selection/mixedcode_benchmarks/starcoder2-7b/type06_160/mixed_code_005.py"
"type06_160",160,5,"mixed_code_005.py",5,"hwc_mixed_005_05","HWC",0,0,5411,"line5411_human",157,44,156,3339,3911,572,967,1123,2,2,0,"1.237959",0,"../code-selection/mixedcode_benchmarks/starcoder2-7b/type06_160/mixed_code_005.json","../code-selection/mixedcode_benchmarks/starcoder2-7b/type06_160/mixed_code_005.py"
"type06_160",160,5,"mixed_code_005.py",6,"agc_mixed_005_06","AGC",1,1,6594,"line6594_lm",155,46,154,4059,4581,522,1152,1306,2,2,0,"1.701063",1,"../code-selection/mixedcode_benchmarks/starcoder2-7b/type06_160/mixed_code_005.json","../code-selection/mixedcode_benchmarks/starcoder2-7b/type06_160/mixed_code_005.py"
"type07_170",170,1,"mixed_code_001.py",1,"agc_mixed_001_01","AGC",1,1,4445,"line4445_lm",166,21,165,504,938,434,107,272,2,2,0,"1.699436",1,"../code-selection/mixedcode_benchmarks/starcoder2-7b/type07_170/mixed_code_001.json","../code-selection/mixedcode_benchmarks/starcoder2-7b/type07_170/mixed_code_001.py"
"type07_170",170,1,"mixed_code_001.py",2,"hwc_mixed_001_02","HWC",0,0,4690,"line4690_human",161,34,160,1206,1581,375,345,505,2,2,0,"1.570463",1,"../code-selection/mixedcode_benchmarks/starcoder2-7b/type07_170/mixed_code_001.json","../code-selection/mixedcode_benchmarks/starcoder2-7b/type07_170/mixed_code_001.py"
"type07_170",170,1,"mixed_code_001.py",3,"hwc_mixed_001_03","HWC",0,0,4621,"line4621_human",162,75,161,2131,2806,675,667,828,2,2,0,"1.462239",0,"../code-selection/mixedcode_benchmarks/starcoder2-7b/type07_170/mixed_code_001.json","../code-selection/mixedcode_benchmarks/starcoder2-7b/type07_170/mixed_code_001.py"
"type07_170",170,1,"mixed_code_001.py",4,"hwc_mixed_001_04","HWC",0,0,5073,"line5073_human",164,40,163,2971,3365,394,876,1039,2,2,0,"1.511896",0,"../code-selection/mixedcode_benchmarks/starcoder2-7b/type07_170/mixed_code_001.json","../code-selection/mixedcode_benchmarks/starcoder2-7b/type07_170/mixed_code_001.py"
"type07_170",170,1,"mixed_code_001.py",5,"agc_mixed_001_05","AGC",1,1,1223,"line1223_lm",161,24,160,3472,3864,392,1059,1219,2,2,0,"1.850339",1,"../code-selection/mixedcode_benchmarks/starcoder2-7b/type07_170/mixed_code_001.json","../code-selection/mixedcode_benchmarks/starcoder2-7b/type07_170/mixed_code_001.py"
"type07_170",170,1,"mixed_code_001.py",6,"agc_mixed_001_06","AGC",1,1,4553,"line4553_lm",169,24,168,3994,4434,440,1260,1428,2,2,0,"1.946309",1,"../code-selection/mixedcode_benchmarks/starcoder2-7b/type07_170/mixed_code_001.json","../code-selection/mixedcode_benchmarks/starcoder2-7b/type07_170/mixed_code_001.py"
"type07_170",170,2,"mixed_code_002.py",1,"hwc_mixed_002_01","HWC",0,0,2927,"line2927_human",164,85,163,393,992,599,188,351,2,2,0,"1.323316",0,"../code-selection/mixedcode_benchmarks/starcoder2-7b/type07_170/mixed_code_002.json","../code-selection/mixedcode_benchmarks/starcoder2-7b/type07_170/mixed_code_002.py"
"type07_170",170,2,"mixed_code_002.py",2,"hwc_mixed_002_02","HWC",0,0,1721,"line1721_human",166,44,165,1120,1636,516,385,550,2,2,0,"1.320586",0,"../code-selection/mixedcode_benchmarks/starcoder2-7b/type07_170/mixed_code_002.json","../code-selection/mixedcode_benchmarks/starcoder2-7b/type07_170/mixed_code_002.py"
"type07_170",170,2,"mixed_code_002.py",3,"hwc_mixed_002_03","HWC",0,0,6296,"line6296_human",165,50,164,1848,2419,571,593,757,2,2,0,"1.241147",0,"../code-selection/mixedcode_benchmarks/starcoder2-7b/type07_170/mixed_code_002.json","../code-selection/mixedcode_benchmarks/starcoder2-7b/type07_170/mixed_code_002.py"
"type07_170",170,2,"mixed_code_002.py",4,"agc_mixed_002_04","AGC",1,1,3287,"line3287_lm",162,28,161,2706,3092,386,858,1019,2,2,0,"1.622727",1,"../code-selection/mixedcode_benchmarks/starcoder2-7b/type07_170/mixed_code_002.json","../code-selection/mixedcode_benchmarks/starcoder2-7b/type07_170/mixed_code_002.py"
"type07_170",170,2,"mixed_code_002.py",5,"agc_mixed_002_05","AGC",1,1,3653,"line3653_lm",163,71,162,3578,4145,567,1130,1292,2,2,0,"1.650260",1,"../code-selection/mixedcode_benchmarks/starcoder2-7b/type07_170/mixed_code_002.json","../code-selection/mixedcode_benchmarks/starcoder2-7b/type07_170/mixed_code_002.py"
"type07_170",170,2,"mixed_code_002.py",6,"agc_mixed_002_06","AGC",1,1,1247,"line1247_lm",164,37,163,4351,4903,552,1352,1515,2,2,0,"1.927730",1,"../code-selection/mixedcode_benchmarks/starcoder2-7b/type07_170/mixed_code_002.json","../code-selection/mixedcode_benchmarks/starcoder2-7b/type07_170/mixed_code_002.py"
"type07_170",170,3,"mixed_code_003.py",1,"hwc_mixed_003_01","HWC",0,0,1296,"line1296_human",170,59,169,221,735,514,45,214,2,2,0,"1.505225",0,"../code-selection/mixedcode_benchmarks/starcoder2-7b/type07_170/mixed_code_003.json","../code-selection/mixedcode_benchmarks/starcoder2-7b/type07_170/mixed_code_003.py"
"type07_170",170,3,"mixed_code_003.py",2,"agc_mixed_003_02","AGC",1,1,429,"line429_lm",164,47,163,1273,1773,500,387,550,2,2,0,"1.743544",1,"../code-selection/mixedcode_benchmarks/starcoder2-7b/type07_170/mixed_code_003.json","../code-selection/mixedcode_benchmarks/starcoder2-7b/type07_170/mixed_code_003.py"
"type07_170",170,3,"mixed_code_003.py",3,"agc_mixed_003_03","AGC",1,1,6496,"line6496_lm",169,53,168,2124,2863,739,649,817,2,2,0,"1.973644",1,"../code-selection/mixedcode_benchmarks/starcoder2-7b/type07_170/mixed_code_003.json","../code-selection/mixedcode_benchmarks/starcoder2-7b/type07_170/mixed_code_003.py"
"type07_170",170,3,"mixed_code_003.py",4,"agc_mixed_003_04","AGC",1,1,5142,"line5142_lm",169,73,168,3014,3704,690,861,1029,2,2,0,"1.725703",1,"../code-selection/mixedcode_benchmarks/starcoder2-7b/type07_170/mixed_code_003.json","../code-selection/mixedcode_benchmarks/starcoder2-7b/type07_170/mixed_code_003.py"
"type07_170",170,3,"mixed_code_003.py",5,"hwc_mixed_003_05","HWC",0,0,4312,"line4312_human",169,17,168,3834,4182,348,1058,1226,2,2,0,"1.240378",0,"../code-selection/mixedcode_benchmarks/starcoder2-7b/type07_170/mixed_code_003.json","../code-selection/mixedcode_benchmarks/starcoder2-7b/type07_170/mixed_code_003.py"
"type07_170",170,3,"mixed_code_003.py",6,"hwc_mixed_003_06","HWC",0,0,6103,"line6103_human",161,64,160,4446,5187,741,1279,1439,2,2,0,"1.213238",0,"../code-selection/mixedcode_benchmarks/starcoder2-7b/type07_170/mixed_code_003.json","../code-selection/mixedcode_benchmarks/starcoder2-7b/type07_170/mixed_code_003.py"
"type07_170",170,4,"mixed_code_004.py",1,"hwc_mixed_004_01","HWC",0,0,1354,"line1354_human",165,46,164,301,851,550,91,255,2,2,0,"1.470893",0,"../code-selection/mixedcode_benchmarks/starcoder2-7b/type07_170/mixed_code_004.json","../code-selection/mixedcode_benchmarks/starcoder2-7b/type07_170/mixed_code_004.py"
"type07_170",170,4,"mixed_code_004.py",2,"hwc_mixed_004_02","HWC",0,0,5163,"line5163_human",161,37,160,1188,1798,610,345,505,2,2,0,"1.398282",0,"../code-selection/mixedcode_benchmarks/starcoder2-7b/type07_170/mixed_code_004.json","../code-selection/mixedcode_benchmarks/starcoder2-7b/type07_170/mixed_code_004.py"
"type07_170",170,4,"mixed_code_004.py",3,"agc_mixed_004_03","AGC",1,1,1325,"line1325_lm",163,58,162,2158,2761,603,569,731,2,2,0,"1.676608",1,"../code-selection/mixedcode_benchmarks/starcoder2-7b/type07_170/mixed_code_004.json","../code-selection/mixedcode_benchmarks/starcoder2-7b/type07_170/mixed_code_004.py"
"type07_170",170,4,"mixed_code_004.py",4,"agc_mixed_004_04","AGC",1,1,391,"line391_lm",170,34,169,3200,3974,774,856,1025,2,2,0,"1.640348",1,"../code-selection/mixedcode_benchmarks/starcoder2-7b/type07_170/mixed_code_004.json","../code-selection/mixedcode_benchmarks/starcoder2-7b/type07_170/mixed_code_004.py"
"type07_170",170,4,"mixed_code_004.py",5,"hwc_mixed_004_05","HWC",0,0,3461,"line3461_human",169,34,168,4677,5078,401,1219,1387,2,2,0,"1.415987",0,"../code-selection/mixedcode_benchmarks/starcoder2-7b/type07_170/mixed_code_004.json","../code-selection/mixedcode_benchmarks/starcoder2-7b/type07_170/mixed_code_004.py"
"type07_170",170,4,"mixed_code_004.py",6,"agc_mixed_004_06","AGC",1,1,1418,"line1418_lm",162,49,161,5179,5681,502,1404,1565,2,2,0,"2.377705",1,"../code-selection/mixedcode_benchmarks/starcoder2-7b/type07_170/mixed_code_004.json","../code-selection/mixedcode_benchmarks/starcoder2-7b/type07_170/mixed_code_004.py"
"type07_170",170,5,"mixed_code_005.py",1,"agc_mixed_005_01","AGC",1,1,4961,"line4961_lm",166,38,165,262,736,474,61,226,2,2,0,"1.716071",1,"../code-selection/mixedcode_benchmarks/starcoder2-7b/type07_170/mixed_code_005.json","../code-selection/mixedcode_benchmarks/starcoder2-7b/type07_170/mixed_code_005.py"
"type07_170",170,5,"mixed_code_005.py",2,"agc_mixed_005_02","AGC",1,1,1978,"line1978_lm",161,24,160,1221,1608,387,359,519,2,2,0,"1.334947",0,"../code-selection/mixedcode_benchmarks/starcoder2-7b/type07_170/mixed_code_005.json","../code-selection/mixedcode_benchmarks/starcoder2-7b/type07_170/mixed_code_005.py"
"type07_170",170,5,"mixed_code_005.py",3,"hwc_mixed_005_03","HWC",0,0,7106,"line7106_human",170,23,169,1756,2123,367,564,733,2,2,0,"1.163783",0,"../code-selection/mixedcode_benchmarks/starcoder2-7b/type07_170/mixed_code_005.json","../code-selection/mixedcode_benchmarks/starcoder2-7b/type07_170/mixed_code_005.py"
"type07_170",170,5,"mixed_code_005.py",4,"hwc_mixed_005_04","HWC",0,0,4775,"line4775_human",163,49,162,2360,2888,528,835,997,2,2,0,"1.193515",0,"../code-selection/mixedcode_benchmarks/starcoder2-7b/type07_170/mixed_code_005.json","../code-selection/mixedcode_benchmarks/starcoder2-7b/type07_170/mixed_code_005.py"
"type07_170",170,5,"mixed_code_005.py",5,"hwc_mixed_005_05","HWC",0,0,2061,"line2061_human",170,51,169,3199,3875,676,1062,1231,2,2,0,"1.218251",0,"../code-selection/mixedcode_benchmarks/starcoder2-7b/type07_170/mixed_code_005.json","../code-selection/mixedcode_benchmarks/starcoder2-7b/type07_170/mixed_code_005.py"
"type07_170",170,5,"mixed_code_005.py",6,"agc_mixed_005_06","AGC",1,1,2322,"line2322_lm",168,23,167,4168,4643,475,1283,1450,2,2,0,"1.590107",1,"../code-selection/mixedcode_benchmarks/starcoder2-7b/type07_170/mixed_code_005.json","../code-selection/mixedcode_benchmarks/starcoder2-7b/type07_170/mixed_code_005.py"
"type08_180",180,1,"mixed_code_001.py",1,"agc_mixed_001_01","AGC",1,1,1138,"line1138_lm",179,100,178,147,1354,1207,20,198,2,2,0,"1.864744",1,"../code-selection/mixedcode_benchmarks/starcoder2-7b/type08_180/mixed_code_001.json","../code-selection/mixedcode_benchmarks/starcoder2-7b/type08_180/mixed_code_001.py"
"type08_180",180,1,"mixed_code_001.py",2,"agc_mixed_001_02","AGC",1,1,248,"line248_lm",175,53,174,1672,2165,493,259,433,2,2,0,"1.528481",1,"../code-selection/mixedcode_benchmarks/starcoder2-7b/type08_180/mixed_code_001.json","../code-selection/mixedcode_benchmarks/starcoder2-7b/type08_180/mixed_code_001.py"
"type08_180",180,1,"mixed_code_001.py",3,"hwc_mixed_001_03","HWC",0,0,173,"line173_human",180,35,179,2510,3020,510,519,698,2,2,0,"1.274318",0,"../code-selection/mixedcode_benchmarks/starcoder2-7b/type08_180/mixed_code_001.json","../code-selection/mixedcode_benchmarks/starcoder2-7b/type08_180/mixed_code_001.py"
"type08_180",180,1,"mixed_code_001.py",4,"agc_mixed_001_04","AGC",1,1,259,"line259_lm",179,54,178,3117,3654,537,712,890,2,2,0,"1.700418",1,"../code-selection/mixedcode_benchmarks/starcoder2-7b/type08_180/mixed_code_001.json","../code-selection/mixedcode_benchmarks/starcoder2-7b/type08_180/mixed_code_001.py"
"type08_180",180,1,"mixed_code_001.py",5,"hwc_mixed_001_05","HWC",0,0,6835,"line6835_human",178,55,177,3796,4417,621,935,1112,2,2,0,"1.257522",0,"../code-selection/mixedcode_benchmarks/starcoder2-7b/type08_180/mixed_code_001.json","../code-selection/mixedcode_benchmarks/starcoder2-7b/type08_180/mixed_code_001.py"
"type08_180",180,1,"mixed_code_001.py",6,"hwc_mixed_001_06","HWC",0,0,4504,"line4504_human",171,45,170,4722,5271,549,1200,1370,2,2,0,"1.468391",0,"../code-selection/mixedcode_benchmarks/starcoder2-7b/type08_180/mixed_code_001.json","../code-selection/mixedcode_benchmarks/starcoder2-7b/type08_180/mixed_code_001.py"
"type08_180",180,2,"mixed_code_002.py",1,"agc_mixed_002_01","AGC",1,1,6232,"line6232_lm",174,12,173,383,669,286,89,262,2,2,0,"1.502125",0,"../code-selection/mixedcode_benchmarks/starcoder2-7b/type08_180/mixed_code_002.json","../code-selection/mixedcode_benchmarks/starcoder2-7b/type08_180/mixed_code_002.py"
"type08_180",180,2,"mixed_code_002.py",2,"hwc_mixed_002_02","HWC",0,0,5889,"line5889_human",176,47,175,779,1398,619,280,455,2,2,0,"1.345207",0,"../code-selection/mixedcode_benchmarks/starcoder2-7b/type08_180/mixed_code_002.json","../code-selection/mixedcode_benchmarks/starcoder2-7b/type08_180/mixed_code_002.py"
"type08_180",180,2,"mixed_code_002.py",3,"hwc_mixed_002_03","HWC",0,0,5752,"line5752_human",176,57,175,1536,2379,843,484,659,2,2,0,"1.288350",0,"../code-selection/mixedcode_benchmarks/starcoder2-7b/type08_180/mixed_code_002.json","../code-selection/mixedcode_benchmarks/starcoder2-7b/type08_180/mixed_code_002.py"
"type08_180",180,2,"mixed_code_002.py",4,"agc_mixed_002_04","AGC",1,1,3975,"line3975_lm",172,40,171,2728,3374,646,746,917,2,2,0,"1.652933",1,"../code-selection/mixedcode_benchmarks/starcoder2-7b/type08_180/mixed_code_002.json","../code-selection/mixedcode_benchmarks/starcoder2-7b/type08_180/mixed_code_002.py"
"type08_180",180,2,"mixed_code_002.py",5,"agc_mixed_002_05","AGC",1,1,639,"line639_lm",179,51,178,3514,3970,456,950,1128,2,2,0,"1.584879",1,"../code-selection/mixedcode_benchmarks/starcoder2-7b/type08_180/mixed_code_002.json","../code-selection/mixedcode_benchmarks/starcoder2-7b/type08_180/mixed_code_002.py"
"type08_180",180,2,"mixed_code_002.py",6,"hwc_mixed_002_06","HWC",0,0,6918,"line6918_human",178,43,177,4192,4835,643,1167,1344,2,2,0,"1.345355",0,"../code-selection/mixedcode_benchmarks/starcoder2-7b/type08_180/mixed_code_002.json","../code-selection/mixedcode_benchmarks/starcoder2-7b/type08_180/mixed_code_002.py"
"type08_180",180,3,"mixed_code_003.py",1,"agc_mixed_003_01","AGC",1,1,5386,"line5386_lm",175,32,174,96,479,383,19,193,2,2,0,"1.799809",1,"../code-selection/mixedcode_benchmarks/starcoder2-7b/type08_180/mixed_code_003.json","../code-selection/mixedcode_benchmarks/starcoder2-7b/type08_180/mixed_code_003.py"
"type08_180",180,3,"mixed_code_003.py",2,"hwc_mixed_003_02","HWC",0,0,2653,"line2653_human",171,43,170,618,1254,636,215,385,2,2,0,"1.346804",0,"../code-selection/mixedcode_benchmarks/starcoder2-7b/type08_180/mixed_code_003.json","../code-selection/mixedcode_benchmarks/starcoder2-7b/type08_180/mixed_code_003.py"
"type08_180",180,3,"mixed_code_003.py",3,"hwc_mixed_003_03","HWC",0,0,3847,"line3847_human",178,38,177,1323,2078,755,397,574,2,2,0,"1.172881",0,"../code-selection/mixedcode_benchmarks/starcoder2-7b/type08_180/mixed_code_003.json","../code-selection/mixedcode_benchmarks/starcoder2-7b/type08_180/mixed_code_003.py"
"type08_180",180,3,"mixed_code_003.py",4,"agc_mixed_003_04","AGC",1,1,1530,"line1530_lm",179,30,178,2331,2671,340,631,809,2,2,0,"1.562294",1,"../code-selection/mixedcode_benchmarks/starcoder2-7b/type08_180/mixed_code_003.json","../code-selection/mixedcode_benchmarks/starcoder2-7b/type08_180/mixed_code_003.py"
"type08_180",180,3,"mixed_code_003.py",5,"hwc_mixed_003_05","HWC",0,0,1456,"line1456_human",171,42,170,2927,3558,631,859,1029,2,2,0,"1.351283",0,"../code-selection/mixedcode_benchmarks/starcoder2-7b/type08_180/mixed_code_003.json","../code-selection/mixedcode_benchmarks/starcoder2-7b/type08_180/mixed_code_003.py"
"type08_180",180,3,"mixed_code_003.py",6,"agc_mixed_003_06","AGC",1,1,6351,"line6351_lm",172,66,171,3687,4593,906,1052,1223,2,2,0,"2.886946",1,"../code-selection/mixedcode_benchmarks/starcoder2-7b/type08_180/mixed_code_003.json","../code-selection/mixedcode_benchmarks/starcoder2-7b/type08_180/mixed_code_003.py"
"type08_180",180,4,"mixed_code_004.py",1,"agc_mixed_004_01","AGC",1,1,3499,"line3499_lm",175,27,174,92,1580,1488,17,191,2,2,0,"1.607084",1,"../code-selection/mixedcode_benchmarks/starcoder2-7b/type08_180/mixed_code_004.json","../code-selection/mixedcode_benchmarks/starcoder2-7b/type08_180/mixed_code_004.py"
"type08_180",180,4,"mixed_code_004.py",2,"hwc_mixed_004_02","HWC",0,0,787,"line787_human",175,51,174,2018,2629,611,309,483,2,2,0,"1.470779",0,"../code-selection/mixedcode_benchmarks/starcoder2-7b/type08_180/mixed_code_004.json","../code-selection/mixedcode_benchmarks/starcoder2-7b/type08_180/mixed_code_004.py"
"type08_180",180,4,"mixed_code_004.py",3,"hwc_mixed_004_03","HWC",0,0,5679,"line5679_human",174,27,173,2908,3397,489,547,720,2,2,0,"1.526818",1,"../code-selection/mixedcode_benchmarks/starcoder2-7b/type08_180/mixed_code_004.json","../code-selection/mixedcode_benchmarks/starcoder2-7b/type08_180/mixed_code_004.py"
"type08_180",180,4,"mixed_code_004.py",4,"hwc_mixed_004_04","HWC",0,0,6088,"line6088_human",177,66,176,3757,4446,689,842,1018,2,2,0,"1.282353",0,"../code-selection/mixedcode_benchmarks/starcoder2-7b/type08_180/mixed_code_004.json","../code-selection/mixedcode_benchmarks/starcoder2-7b/type08_180/mixed_code_004.py"
"type08_180",180,4,"mixed_code_004.py",5,"agc_mixed_004_05","AGC",1,1,5863,"line5863_lm",171,32,170,5064,5660,596,1166,1336,2,2,0,"1.560256",1,"../code-selection/mixedcode_benchmarks/starcoder2-7b/type08_180/mixed_code_004.json","../code-selection/mixedcode_benchmarks/starcoder2-7b/type08_180/mixed_code_004.py"
"type08_180",180,4,"mixed_code_004.py",6,"agc_mixed_004_06","AGC",1,1,3093,"line3093_lm",174,29,173,6173,6809,636,1468,1641,2,2,0,"1.706092",1,"../code-selection/mixedcode_benchmarks/starcoder2-7b/type08_180/mixed_code_004.json","../code-selection/mixedcode_benchmarks/starcoder2-7b/type08_180/mixed_code_004.py"
"type08_180",180,5,"mixed_code_005.py",1,"hwc_mixed_005_01","HWC",0,0,3747,"line3747_human",173,40,172,108,508,400,18,190,2,2,0,"1.770695",1,"../code-selection/mixedcode_benchmarks/starcoder2-7b/type08_180/mixed_code_005.json","../code-selection/mixedcode_benchmarks/starcoder2-7b/type08_180/mixed_code_005.py"
"type08_180",180,5,"mixed_code_005.py",2,"hwc_mixed_005_02","HWC",0,0,3388,"line3388_human",180,46,179,608,1322,714,221,400,2,2,0,"1.426735",0,"../code-selection/mixedcode_benchmarks/starcoder2-7b/type08_180/mixed_code_005.json","../code-selection/mixedcode_benchmarks/starcoder2-7b/type08_180/mixed_code_005.py"
"type08_180",180,5,"mixed_code_005.py",3,"agc_mixed_005_03","AGC",1,1,780,"line780_lm",177,35,176,1505,1988,483,482,658,2,2,0,"1.753633",1,"../code-selection/mixedcode_benchmarks/starcoder2-7b/type08_180/mixed_code_005.json","../code-selection/mixedcode_benchmarks/starcoder2-7b/type08_180/mixed_code_005.py"
"type08_180",180,5,"mixed_code_005.py",4,"agc_mixed_005_04","AGC",1,1,1637,"line1637_lm",175,30,174,2314,2920,606,724,898,2,2,0,"1.228360",0,"../code-selection/mixedcode_benchmarks/starcoder2-7b/type08_180/mixed_code_005.json","../code-selection/mixedcode_benchmarks/starcoder2-7b/type08_180/mixed_code_005.py"
"type08_180",180,5,"mixed_code_005.py",5,"hwc_mixed_005_05","HWC",0,0,7018,"line7018_human",174,47,173,3050,3539,489,934,1107,2,2,0,"1.393947",0,"../code-selection/mixedcode_benchmarks/starcoder2-7b/type08_180/mixed_code_005.json","../code-selection/mixedcode_benchmarks/starcoder2-7b/type08_180/mixed_code_005.py"
"type08_180",180,5,"mixed_code_005.py",6,"agc_mixed_005_06","AGC",1,1,358,"line358_lm",177,47,176,4055,4576,521,1191,1367,2,2,0,"1.613997",1,"../code-selection/mixedcode_benchmarks/starcoder2-7b/type08_180/mixed_code_005.json","../code-selection/mixedcode_benchmarks/starcoder2-7b/type08_180/mixed_code_005.py"
"type09_190",190,1,"mixed_code_001.py",1,"hwc_mixed_001_01","HWC",0,0,2137,"line2137_human",181,54,180,422,1242,820,94,274,2,2,0,"1.448410",0,"../code-selection/mixedcode_benchmarks/starcoder2-7b/type09_190/mixed_code_001.json","../code-selection/mixedcode_benchmarks/starcoder2-7b/type09_190/mixed_code_001.py"
"type09_190",190,1,"mixed_code_001.py",2,"agc_mixed_001_02","AGC",1,1,490,"line490_lm",185,62,184,1414,2031,617,319,503,2,2,0,"1.840087",1,"../code-selection/mixedcode_benchmarks/starcoder2-7b/type09_190/mixed_code_001.json","../code-selection/mixedcode_benchmarks/starcoder2-7b/type09_190/mixed_code_001.py"
"type09_190",190,1,"mixed_code_001.py",3,"hwc_mixed_001_03","HWC",0,0,6026,"line6026_human",182,89,181,2231,3088,857,542,723,2,2,0,"1.343504",0,"../code-selection/mixedcode_benchmarks/starcoder2-7b/type09_190/mixed_code_001.json","../code-selection/mixedcode_benchmarks/starcoder2-7b/type09_190/mixed_code_001.py"
"type09_190",190,1,"mixed_code_001.py",4,"agc_mixed_001_04","AGC",1,1,1141,"line1141_lm",188,87,187,3595,4298,703,846,1033,2,2,0,"1.631499",1,"../code-selection/mixedcode_benchmarks/starcoder2-7b/type09_190/mixed_code_001.json","../code-selection/mixedcode_benchmarks/starcoder2-7b/type09_190/mixed_code_001.py"
"type09_190",190,1,"mixed_code_001.py",5,"agc_mixed_001_05","AGC",1,1,5526,"line5526_lm",181,92,180,4408,4983,575,1049,1229,2,2,0,"2.064229",1,"../code-selection/mixedcode_benchmarks/starcoder2-7b/type09_190/mixed_code_001.json","../code-selection/mixedcode_benchmarks/starcoder2-7b/type09_190/mixed_code_001.py"
"type09_190",190,1,"mixed_code_001.py",6,"hwc_mixed_001_06","HWC",0,0,3959,"line3959_human",181,36,180,5180,5846,666,1280,1460,2,2,0,"1.283956",0,"../code-selection/mixedcode_benchmarks/starcoder2-7b/type09_190/mixed_code_001.json","../code-selection/mixedcode_benchmarks/starcoder2-7b/type09_190/mixed_code_001.py"
"type09_190",190,2,"mixed_code_002.py",1,"hwc_mixed_002_01","HWC",0,0,6564,"line6564_human",187,38,186,114,629,515,34,220,2,2,0,"1.509415",0,"../code-selection/mixedcode_benchmarks/starcoder2-7b/type09_190/mixed_code_002.json","../code-selection/mixedcode_benchmarks/starcoder2-7b/type09_190/mixed_code_002.py"
"type09_190",190,2,"mixed_code_002.py",2,"agc_mixed_002_02","AGC",1,1,6815,"line6815_lm",181,25,180,957,1372,415,303,483,2,2,0,"1.521972",1,"../code-selection/mixedcode_benchmarks/starcoder2-7b/type09_190/mixed_code_002.json","../code-selection/mixedcode_benchmarks/starcoder2-7b/type09_190/mixed_code_002.py"
"type09_190",190,2,"mixed_code_002.py",3,"agc_mixed_002_03","AGC",1,1,1947,"line1947_lm",190,58,189,2066,2769,703,734,923,2,2,0,"1.579516",1,"../code-selection/mixedcode_benchmarks/starcoder2-7b/type09_190/mixed_code_002.json","../code-selection/mixedcode_benchmarks/starcoder2-7b/type09_190/mixed_code_002.py"
"type09_190",190,2,"mixed_code_002.py",4,"hwc_mixed_002_04","HWC",0,0,3458,"line3458_human",186,53,185,2932,3498,566,957,1142,2,2,0,"1.250070",0,"../code-selection/mixedcode_benchmarks/starcoder2-7b/type09_190/mixed_code_002.json","../code-selection/mixedcode_benchmarks/starcoder2-7b/type09_190/mixed_code_002.py"
"type09_190",190,2,"mixed_code_002.py",5,"agc_mixed_002_05","AGC",1,1,5417,"line5417_lm",182,59,181,3733,4322,589,1184,1365,2,2,0,"1.386096",0,"../code-selection/mixedcode_benchmarks/starcoder2-7b/type09_190/mixed_code_002.json","../code-selection/mixedcode_benchmarks/starcoder2-7b/type09_190/mixed_code_002.py"
"type09_190",190,2,"mixed_code_002.py",6,"hwc_mixed_002_06","HWC",0,0,835,"line835_human",189,36,188,4504,5079,575,1424,1612,2,2,0,"1.260658",0,"../code-selection/mixedcode_benchmarks/starcoder2-7b/type09_190/mixed_code_002.json","../code-selection/mixedcode_benchmarks/starcoder2-7b/type09_190/mixed_code_002.py"
"type09_190",190,3,"mixed_code_003.py",1,"agc_mixed_003_01","AGC",1,1,1615,"line1615_lm",181,90,180,166,2056,1890,20,200,2,2,0,"1.719402",1,"../code-selection/mixedcode_benchmarks/starcoder2-7b/type09_190/mixed_code_003.json","../code-selection/mixedcode_benchmarks/starcoder2-7b/type09_190/mixed_code_003.py"
"type09_190",190,3,"mixed_code_003.py",2,"hwc_mixed_003_02","HWC",0,0,221,"line221_human",189,31,188,2195,2790,595,238,426,2,2,0,"1.321910",0,"../code-selection/mixedcode_benchmarks/starcoder2-7b/type09_190/mixed_code_003.json","../code-selection/mixedcode_benchmarks/starcoder2-7b/type09_190/mixed_code_003.py"
"type09_190",190,3,"mixed_code_003.py",3,"agc_mixed_003_03","AGC",1,1,6438,"line6438_lm",189,55,188,3269,5384,2115,561,749,2,2,0,"1.705424",1,"../code-selection/mixedcode_benchmarks/starcoder2-7b/type09_190/mixed_code_003.json","../code-selection/mixedcode_benchmarks/starcoder2-7b/type09_190/mixed_code_003.py"
"type09_190",190,3,"mixed_code_003.py",4,"hwc_mixed_003_04","HWC",0,0,2578,"line2578_human",182,20,181,5446,5907,461,761,942,2,2,0,"1.323237",0,"../code-selection/mixedcode_benchmarks/starcoder2-7b/type09_190/mixed_code_003.json","../code-selection/mixedcode_benchmarks/starcoder2-7b/type09_190/mixed_code_003.py"
"type09_190",190,3,"mixed_code_003.py",5,"agc_mixed_003_05","AGC",1,1,110,"line110_lm",186,75,185,6205,7233,1028,998,1183,2,2,0,"2.436864",1,"../code-selection/mixedcode_benchmarks/starcoder2-7b/type09_190/mixed_code_003.json","../code-selection/mixedcode_benchmarks/starcoder2-7b/type09_190/mixed_code_003.py"
"type09_190",190,3,"mixed_code_003.py",6,"hwc_mixed_003_06","HWC",0,0,5740,"line5740_human",187,12,186,7353,7806,453,1206,1392,2,2,0,"1.238055",0,"../code-selection/mixedcode_benchmarks/starcoder2-7b/type09_190/mixed_code_003.json","../code-selection/mixedcode_benchmarks/starcoder2-7b/type09_190/mixed_code_003.py"
"type09_190",190,4,"mixed_code_004.py",1,"hwc_mixed_004_01","HWC",0,0,3775,"line3775_human",183,35,182,121,606,485,37,219,2,2,0,"1.351874",0,"../code-selection/mixedcode_benchmarks/starcoder2-7b/type09_190/mixed_code_004.json","../code-selection/mixedcode_benchmarks/starcoder2-7b/type09_190/mixed_code_004.py"
"type09_190",190,4,"mixed_code_004.py",2,"agc_mixed_004_02","AGC",1,1,839,"line839_lm",183,42,182,718,1358,640,235,417,2,2,0,"1.585594",1,"../code-selection/mixedcode_benchmarks/starcoder2-7b/type09_190/mixed_code_004.json","../code-selection/mixedcode_benchmarks/starcoder2-7b/type09_190/mixed_code_004.py"
"type09_190",190,4,"mixed_code_004.py",3,"agc_mixed_004_03","AGC",1,1,6405,"line6405_lm",181,38,180,1575,2096,521,494,674,2,2,0,"1.760337",1,"../code-selection/mixedcode_benchmarks/starcoder2-7b/type09_190/mixed_code_004.json","../code-selection/mixedcode_benchmarks/starcoder2-7b/type09_190/mixed_code_004.py"
"type09_190",190,4,"mixed_code_004.py",4,"agc_mixed_004_04","AGC",1,1,3519,"line3519_lm",186,62,185,2600,3298,698,801,986,2,2,0,"1.504479",0,"../code-selection/mixedcode_benchmarks/starcoder2-7b/type09_190/mixed_code_004.json","../code-selection/mixedcode_benchmarks/starcoder2-7b/type09_190/mixed_code_004.py"
"type09_190",190,4,"mixed_code_004.py",5,"hwc_mixed_004_05","HWC",0,0,5110,"line5110_human",182,99,181,3477,4352,875,1022,1203,2,2,0,"1.265340",0,"../code-selection/mixedcode_benchmarks/starcoder2-7b/type09_190/mixed_code_004.json","../code-selection/mixedcode_benchmarks/starcoder2-7b/type09_190/mixed_code_004.py"
"type09_190",190,4,"mixed_code_004.py",6,"hwc_mixed_004_06","HWC",0,0,3381,"line3381_human",181,48,180,4736,5258,522,1309,1489,2,2,0,"1.265088",0,"../code-selection/mixedcode_benchmarks/starcoder2-7b/type09_190/mixed_code_004.json","../code-selection/mixedcode_benchmarks/starcoder2-7b/type09_190/mixed_code_004.py"
"type09_190",190,5,"mixed_code_005.py",1,"agc_mixed_005_01","AGC",1,1,5140,"line5140_lm",187,27,186,285,742,457,80,266,2,2,0,"1.474434",0,"../code-selection/mixedcode_benchmarks/starcoder2-7b/type09_190/mixed_code_005.json","../code-selection/mixedcode_benchmarks/starcoder2-7b/type09_190/mixed_code_005.py"
"type09_190",190,5,"mixed_code_005.py",2,"hwc_mixed_005_02","HWC",0,0,5318,"line5318_human",188,35,187,1069,1431,362,345,532,2,2,0,"1.474894",0,"../code-selection/mixedcode_benchmarks/starcoder2-7b/type09_190/mixed_code_005.json","../code-selection/mixedcode_benchmarks/starcoder2-7b/type09_190/mixed_code_005.py"
"type09_190",190,5,"mixed_code_005.py",3,"agc_mixed_005_03","AGC",1,1,2428,"line2428_lm",188,107,187,1713,2365,652,589,776,2,2,0,"2.077085",1,"../code-selection/mixedcode_benchmarks/starcoder2-7b/type09_190/mixed_code_005.json","../code-selection/mixedcode_benchmarks/starcoder2-7b/type09_190/mixed_code_005.py"
"type09_190",190,5,"mixed_code_005.py",4,"hwc_mixed_005_04","HWC",0,0,3664,"line3664_human",183,38,182,2557,3192,635,840,1022,2,2,0,"1.246521",0,"../code-selection/mixedcode_benchmarks/starcoder2-7b/type09_190/mixed_code_005.json","../code-selection/mixedcode_benchmarks/starcoder2-7b/type09_190/mixed_code_005.py"
"type09_190",190,5,"mixed_code_005.py",5,"agc_mixed_005_05","AGC",1,1,2848,"line2848_lm",186,77,185,3630,4474,844,1121,1306,2,2,0,"1.661217",1,"../code-selection/mixedcode_benchmarks/starcoder2-7b/type09_190/mixed_code_005.json","../code-selection/mixedcode_benchmarks/starcoder2-7b/type09_190/mixed_code_005.py"
"type09_190",190,5,"mixed_code_005.py",6,"hwc_mixed_005_06","HWC",0,0,4376,"line4376_human",183,35,182,5038,5732,694,1446,1628,2,2,0,"1.417310",0,"../code-selection/mixedcode_benchmarks/starcoder2-7b/type09_190/mixed_code_005.json","../code-selection/mixedcode_benchmarks/starcoder2-7b/type09_190/mixed_code_005.py"
"type10_200",200,1,"mixed_code_001.py",1,"agc_mixed_001_01","AGC",1,1,3461,"line3461_lm",197,41,196,701,1219,518,194,390,2,2,0,"1.730899",1,"../code-selection/mixedcode_benchmarks/starcoder2-7b/type10_200/mixed_code_001.json","../code-selection/mixedcode_benchmarks/starcoder2-7b/type10_200/mixed_code_001.py"
"type10_200",200,1,"mixed_code_001.py",2,"hwc_mixed_001_02","HWC",0,0,185,"line185_human",194,77,193,1790,2644,854,524,717,2,2,0,"1.254499",0,"../code-selection/mixedcode_benchmarks/starcoder2-7b/type10_200/mixed_code_001.json","../code-selection/mixedcode_benchmarks/starcoder2-7b/type10_200/mixed_code_001.py"
"type10_200",200,1,"mixed_code_001.py",3,"agc_mixed_001_03","AGC",1,1,1748,"line1748_lm",200,31,199,2738,3295,557,733,932,2,2,0,"2.101027",1,"../code-selection/mixedcode_benchmarks/starcoder2-7b/type10_200/mixed_code_001.json","../code-selection/mixedcode_benchmarks/starcoder2-7b/type10_200/mixed_code_001.py"
"type10_200",200,1,"mixed_code_001.py",4,"hwc_mixed_001_04","HWC",0,0,444,"line444_human",196,75,195,3364,4332,968,944,1139,2,2,0,"1.326527",0,"../code-selection/mixedcode_benchmarks/starcoder2-7b/type10_200/mixed_code_001.json","../code-selection/mixedcode_benchmarks/starcoder2-7b/type10_200/mixed_code_001.py"
"type10_200",200,1,"mixed_code_001.py",5,"agc_mixed_001_05","AGC",1,1,3502,"line3502_lm",200,55,199,4897,5525,628,1285,1484,2,2,0,"1.730389",1,"../code-selection/mixedcode_benchmarks/starcoder2-7b/type10_200/mixed_code_001.json","../code-selection/mixedcode_benchmarks/starcoder2-7b/type10_200/mixed_code_001.py"
"type10_200",200,1,"mixed_code_001.py",6,"hwc_mixed_001_06","HWC",0,0,1827,"line1827_human",195,107,194,5985,7022,1037,1597,1791,2,2,0,"1.139181",0,"../code-selection/mixedcode_benchmarks/starcoder2-7b/type10_200/mixed_code_001.json","../code-selection/mixedcode_benchmarks/starcoder2-7b/type10_200/mixed_code_001.py"
"type10_200",200,2,"mixed_code_002.py",1,"agc_mixed_002_01","AGC",1,1,250,"line250_lm",199,65,198,383,1321,938,101,299,2,2,0,"1.716576",1,"../code-selection/mixedcode_benchmarks/starcoder2-7b/type10_200/mixed_code_002.json","../code-selection/mixedcode_benchmarks/starcoder2-7b/type10_200/mixed_code_002.py"
"type10_200",200,2,"mixed_code_002.py",2,"hwc_mixed_002_02","HWC",0,0,96,"line96_human",196,31,195,1388,1879,491,312,507,2,2,0,"1.203622",0,"../code-selection/mixedcode_benchmarks/starcoder2-7b/type10_200/mixed_code_002.json","../code-selection/mixedcode_benchmarks/starcoder2-7b/type10_200/mixed_code_002.py"
"type10_200",200,2,"mixed_code_002.py",3,"agc_mixed_002_03","AGC",1,1,4163,"line4163_lm",193,100,192,2218,3160,942,571,763,2,2,0,"1.584279",1,"../code-selection/mixedcode_benchmarks/starcoder2-7b/type10_200/mixed_code_002.json","../code-selection/mixedcode_benchmarks/starcoder2-7b/type10_200/mixed_code_002.py"
"type10_200",200,2,"mixed_code_002.py",4,"hwc_mixed_002_04","HWC",0,0,4877,"line4877_human",191,36,190,3436,3931,495,821,1011,2,2,0,"1.545069",1,"../code-selection/mixedcode_benchmarks/starcoder2-7b/type10_200/mixed_code_002.json","../code-selection/mixedcode_benchmarks/starcoder2-7b/type10_200/mixed_code_002.py"
"type10_200",200,2,"mixed_code_002.py",5,"agc_mixed_002_05","AGC",1,1,5296,"line5296_lm",197,107,196,4215,5623,1408,1075,1271,2,2,0,"1.840981",1,"../code-selection/mixedcode_benchmarks/starcoder2-7b/type10_200/mixed_code_002.json","../code-selection/mixedcode_benchmarks/starcoder2-7b/type10_200/mixed_code_002.py"
"type10_200",200,2,"mixed_code_002.py",6,"hwc_mixed_002_06","HWC",0,0,3373,"line3373_human",196,35,195,5867,6458,591,1329,1524,2,2,0,"1.310090",0,"../code-selection/mixedcode_benchmarks/starcoder2-7b/type10_200/mixed_code_002.json","../code-selection/mixedcode_benchmarks/starcoder2-7b/type10_200/mixed_code_002.py"
"type10_200",200,3,"mixed_code_003.py",1,"hwc_mixed_003_01","HWC",0,0,4396,"line4396_human",200,84,199,110,974,864,24,223,2,2,0,"1.273532",0,"../code-selection/mixedcode_benchmarks/starcoder2-7b/type10_200/mixed_code_003.json","../code-selection/mixedcode_benchmarks/starcoder2-7b/type10_200/mixed_code_003.py"
"type10_200",200,3,"mixed_code_003.py",2,"agc_mixed_003_02","AGC",1,1,1532,"line1532_lm",193,84,192,1488,2208,720,316,508,2,2,0,"1.635223",1,"../code-selection/mixedcode_benchmarks/starcoder2-7b/type10_200/mixed_code_003.json","../code-selection/mixedcode_benchmarks/starcoder2-7b/type10_200/mixed_code_003.py"
"type10_200",200,3,"mixed_code_003.py",3,"hwc_mixed_003_03","HWC",0,0,2198,"line2198_human",193,37,192,2357,2840,483,554,746,2,2,0,"1.729278",1,"../code-selection/mixedcode_benchmarks/starcoder2-7b/type10_200/mixed_code_003.json","../code-selection/mixedcode_benchmarks/starcoder2-7b/type10_200/mixed_code_003.py"
"type10_200",200,3,"mixed_code_003.py",4,"agc_mixed_003_04","AGC",1,1,905,"line905_lm",192,99,191,3411,4217,806,890,1081,2,2,0,"1.741029",1,"../code-selection/mixedcode_benchmarks/starcoder2-7b/type10_200/mixed_code_003.json","../code-selection/mixedcode_benchmarks/starcoder2-7b/type10_200/mixed_code_003.py"
"type10_200",200,3,"mixed_code_003.py",5,"agc_mixed_003_05","AGC",1,1,2519,"line2519_lm",200,52,199,4345,5858,1513,1106,1305,2,2,0,"1.518879",1,"../code-selection/mixedcode_benchmarks/starcoder2-7b/type10_200/mixed_code_003.json","../code-selection/mixedcode_benchmarks/starcoder2-7b/type10_200/mixed_code_003.py"
"type10_200",200,3,"mixed_code_003.py",6,"hwc_mixed_003_06","HWC",0,0,6799,"line6799_human",192,77,191,6249,7135,886,1399,1590,2,2,0,"1.430198",0,"../code-selection/mixedcode_benchmarks/starcoder2-7b/type10_200/mixed_code_003.json","../code-selection/mixedcode_benchmarks/starcoder2-7b/type10_200/mixed_code_003.py"
"type10_200",200,4,"mixed_code_004.py",1,"hwc_mixed_004_01","HWC",0,0,6897,"line6897_human",197,61,196,228,972,744,45,241,2,2,0,"1.173913",0,"../code-selection/mixedcode_benchmarks/starcoder2-7b/type10_200/mixed_code_004.json","../code-selection/mixedcode_benchmarks/starcoder2-7b/type10_200/mixed_code_004.py"
"type10_200",200,4,"mixed_code_004.py",2,"agc_mixed_004_02","AGC",1,1,6068,"line6068_lm",200,69,199,1103,1799,696,269,468,2,2,0,"1.751259",1,"../code-selection/mixedcode_benchmarks/starcoder2-7b/type10_200/mixed_code_004.json","../code-selection/mixedcode_benchmarks/starcoder2-7b/type10_200/mixed_code_004.py"
"type10_200",200,4,"mixed_code_004.py",3,"agc_mixed_004_03","AGC",1,1,5397,"line5397_lm",192,41,191,1931,3398,1467,501,692,2,2,0,"1.601778",1,"../code-selection/mixedcode_benchmarks/starcoder2-7b/type10_200/mixed_code_004.json","../code-selection/mixedcode_benchmarks/starcoder2-7b/type10_200/mixed_code_004.py"
"type10_200",200,4,"mixed_code_004.py",4,"hwc_mixed_004_04","HWC",0,0,6415,"line6415_human",196,42,195,3523,4105,582,710,905,2,2,0,"1.537790",1,"../code-selection/mixedcode_benchmarks/starcoder2-7b/type10_200/mixed_code_004.json","../code-selection/mixedcode_benchmarks/starcoder2-7b/type10_200/mixed_code_004.py"
"type10_200",200,4,"mixed_code_004.py",5,"agc_mixed_004_05","AGC",1,1,785,"line785_lm",200,59,199,4373,4917,544,976,1175,2,2,0,"2.060650",1,"../code-selection/mixedcode_benchmarks/starcoder2-7b/type10_200/mixed_code_004.json","../code-selection/mixedcode_benchmarks/starcoder2-7b/type10_200/mixed_code_004.py"
"type10_200",200,4,"mixed_code_004.py",6,"hwc_mixed_004_06","HWC",0,0,4359,"line4359_human",193,75,192,5215,6217,1002,1249,1441,2,2,0,"1.290850",0,"../code-selection/mixedcode_benchmarks/starcoder2-7b/type10_200/mixed_code_004.json","../code-selection/mixedcode_benchmarks/starcoder2-7b/type10_200/mixed_code_004.py"
"type10_200",200,5,"mixed_code_005.py",1,"agc_mixed_005_01","AGC",1,1,5560,"line5560_lm",198,67,197,310,977,667,49,246,2,2,0,"1.595971",1,"../code-selection/mixedcode_benchmarks/starcoder2-7b/type10_200/mixed_code_005.json","../code-selection/mixedcode_benchmarks/starcoder2-7b/type10_200/mixed_code_005.py"
"type10_200",200,5,"mixed_code_005.py",2,"hwc_mixed_005_02","HWC",0,0,6476,"line6476_human",195,30,194,1177,1667,490,295,489,2,2,0,"1.328019",0,"../code-selection/mixedcode_benchmarks/starcoder2-7b/type10_200/mixed_code_005.json","../code-selection/mixedcode_benchmarks/starcoder2-7b/type10_200/mixed_code_005.py"
"type10_200",200,5,"mixed_code_005.py",3,"agc_mixed_005_03","AGC",1,1,580,"line580_lm",192,45,191,2112,2609,497,603,794,2,2,0,"1.543241",1,"../code-selection/mixedcode_benchmarks/starcoder2-7b/type10_200/mixed_code_005.json","../code-selection/mixedcode_benchmarks/starcoder2-7b/type10_200/mixed_code_005.py"
"type10_200",200,5,"mixed_code_005.py",4,"hwc_mixed_005_04","HWC",0,0,5790,"line5790_human",195,62,194,3144,3838,694,936,1130,2,2,0,"1.405029",0,"../code-selection/mixedcode_benchmarks/starcoder2-7b/type10_200/mixed_code_005.json","../code-selection/mixedcode_benchmarks/starcoder2-7b/type10_200/mixed_code_005.py"
"type10_200",200,5,"mixed_code_005.py",5,"hwc_mixed_005_05","HWC",0,0,1753,"line1753_human",195,29,194,3948,4393,445,1149,1343,2,2,0,"1.266189",0,"../code-selection/mixedcode_benchmarks/starcoder2-7b/type10_200/mixed_code_005.json","../code-selection/mixedcode_benchmarks/starcoder2-7b/type10_200/mixed_code_005.py"
"type10_200",200,5,"mixed_code_005.py",6,"agc_mixed_005_06","AGC",1,1,747,"line747_lm",193,21,192,4485,4974,489,1357,1549,2,2,0,"1.460062",0,"../code-selection/mixedcode_benchmarks/starcoder2-7b/type10_200/mixed_code_005.json","../code-selection/mixedcode_benchmarks/starcoder2-7b/type10_200/mixed_code_005.py"
