benchmark_type,file_id,filename,function_id,function_name,role,label,chunk_idx,start_token_body,end_token_body,chunk_n_tokens,low_conf,npr,orig_logrank,mean_p_logrank,body_tokens,source_idx
"type01_110",1,"mixed_code_001.py",1,"agc_mixed_001_01","AGC",1,0,0,104,104,0,"1.499420","0.388844","0.583040",103,"line7776_lm"
"type01_110",1,"mixed_code_001.py",2,"hwc_mixed_001_02","HWC",0,0,0,105,105,0,"1.438574","0.352853","0.507606",104,"line1800_human"
"type01_110",1,"mixed_code_001.py",3,"agc_mixed_001_03","AGC",1,0,0,110,110,0,"1.275650","0.635862","0.811138",109,"line8646_lm"
"type01_110",1,"mixed_code_001.py",4,"agc_mixed_001_04","AGC",1,0,0,107,107,0,"2.471669","0.154791","0.382592",106,"line4640_lm"
"type01_110",1,"mixed_code_001.py",5,"hwc_mixed_001_05","HWC",0,0,0,103,103,0,"1.261388","0.599010","0.755584",102,"line2900_human"
"type01_110",1,"mixed_code_001.py",6,"hwc_mixed_001_06","HWC",0,0,0,106,106,0,"1.263191","0.778551","0.983459",106,"line1949_human"
"type01_110",2,"mixed_code_002.py",1,"hwc_mixed_002_01","HWC",0,0,0,102,102,0,"1.304152","0.640632","0.835481",101,"line6989_human"
"type01_110",2,"mixed_code_002.py",2,"agc_mixed_002_02","AGC",1,0,0,104,104,0,"1.197718","0.792109","0.948723",103,"line7853_lm"
"type01_110",2,"mixed_code_002.py",3,"agc_mixed_002_03","AGC",1,0,0,104,104,0,"1.473718","0.358399","0.528179",103,"line1181_lm"
"type01_110",2,"mixed_code_002.py",4,"hwc_mixed_002_04","HWC",0,0,0,106,106,0,"1.276645","0.640138","0.817229",105,"line7336_human"
"type01_110",2,"mixed_code_002.py",5,"hwc_mixed_002_05","HWC",0,0,0,108,108,0,"1.363815","0.449870","0.613539",107,"line4940_human"
"type01_110",2,"mixed_code_002.py",6,"agc_mixed_002_06","AGC",1,0,0,106,106,0,"1.669742","0.377099","0.629657",106,"line3247_lm"
"type01_110",3,"mixed_code_003.py",1,"agc_mixed_003_01","AGC",1,0,0,103,103,0,"1.928258","0.253286","0.488401",102,"line6852_lm"
"type01_110",3,"mixed_code_003.py",2,"hwc_mixed_003_02","HWC",0,0,0,108,108,0,"1.282791","0.690858","0.886227",107,"line459_human"
"type01_110",3,"mixed_code_003.py",3,"agc_mixed_003_03","AGC",1,0,0,107,107,0,"1.641667","0.229437","0.376660",106,"line1148_lm"
"type01_110",3,"mixed_code_003.py",4,"hwc_mixed_003_04","HWC",0,0,0,106,106,0,"1.045970","1.069500","1.118665",105,"line8044_human"
"type01_110",3,"mixed_code_003.py",5,"hwc_mixed_003_05","HWC",0,0,0,111,111,0,"1.492581","0.387911","0.578988",110,"line8303_human"
"type01_110",3,"mixed_code_003.py",6,"agc_mixed_003_06","AGC",1,0,0,106,106,0,"1.866285","0.210410","0.392685",106,"line6556_lm"
"type01_110",4,"mixed_code_004.py",1,"agc_mixed_004_01","AGC",1,0,0,108,108,0,"1.562390","0.485809","0.759023",107,"line2968_lm"
"type01_110",4,"mixed_code_004.py",2,"agc_mixed_004_02","AGC",1,0,0,104,104,0,"2.352959","0.058314","0.137211",103,"line4145_lm"
"type01_110",4,"mixed_code_004.py",3,"agc_mixed_004_03","AGC",1,0,0,102,102,0,"1.953236","0.227855","0.445055",101,"line3478_lm"
"type01_110",4,"mixed_code_004.py",4,"hwc_mixed_004_04","HWC",0,0,0,110,110,0,"1.164721","0.726721","0.846427",109,"line756_human"
"type01_110",4,"mixed_code_004.py",5,"hwc_mixed_004_05","HWC",0,0,0,107,107,0,"1.256444","0.582327","0.731661",106,"line2459_human"
"type01_110",4,"mixed_code_004.py",6,"hwc_mixed_004_06","HWC",0,0,0,103,103,0,"1.418778","0.443103","0.628664",103,"line4581_human"
"type01_110",5,"mixed_code_005.py",1,"agc_mixed_005_01","AGC",1,0,0,109,109,0,"1.610968","0.397385","0.640174",108,"line4919_lm"
"type01_110",5,"mixed_code_005.py",2,"agc_mixed_005_02","AGC",1,0,0,111,111,0,"1.812761","0.226691","0.410936",110,"line6924_lm"
"type01_110",5,"mixed_code_005.py",3,"agc_mixed_005_03","AGC",1,0,0,111,111,0,"1.463466","0.376025","0.550300",110,"line5311_lm"
"type01_110",5,"mixed_code_005.py",4,"hwc_mixed_005_04","HWC",0,0,0,105,105,0,"1.422508","0.465595","0.662313",104,"line6635_human"
"type01_110",5,"mixed_code_005.py",5,"hwc_mixed_005_05","HWC",0,0,0,106,106,0,"1.234629","0.730989","0.902500",105,"line7854_human"
"type01_110",5,"mixed_code_005.py",6,"hwc_mixed_005_06","HWC",0,0,0,104,104,0,"1.234382","0.880157","1.086450",104,"line109_human"
"type02_120",1,"mixed_code_001.py",1,"hwc_mixed_001_01","HWC",0,0,0,117,117,0,"1.277350","0.573670","0.732778",116,"line8504_human"
"type02_120",1,"mixed_code_001.py",2,"hwc_mixed_001_02","HWC",0,0,0,117,117,0,"1.251726","0.566685","0.709334",116,"line8450_human"
"type02_120",1,"mixed_code_001.py",3,"agc_mixed_001_03","AGC",1,0,0,112,112,0,"2.150068","0.255672","0.549713",111,"line5788_lm"
"type02_120",1,"mixed_code_001.py",4,"agc_mixed_001_04","AGC",1,0,0,114,114,0,"1.518018","0.347260","0.527147",113,"line7983_lm"
"type02_120",1,"mixed_code_001.py",5,"hwc_mixed_001_05","HWC",0,0,0,113,113,0,"1.245298","0.723975","0.901565",112,"line3665_human"
"type02_120",1,"mixed_code_001.py",6,"agc_mixed_001_06","AGC",1,0,0,117,117,0,"1.727052","0.318331","0.549774",117,"line3082_lm"
"type02_120",2,"mixed_code_002.py",1,"hwc_mixed_002_01","HWC",0,0,0,117,117,0,"1.219052","0.637346","0.776958",116,"line671_human"
"type02_120",2,"mixed_code_002.py",2,"agc_mixed_002_02","AGC",1,0,0,112,112,0,"1.699568","0.294611","0.500711",111,"line1769_lm"
"type02_120",2,"mixed_code_002.py",3,"agc_mixed_002_03","AGC",1,0,0,118,118,0,"1.373750","0.385707","0.529865",117,"line6639_lm"
"type02_120",2,"mixed_code_002.py",4,"hwc_mixed_002_04","HWC",0,0,0,114,114,0,"1.323521","0.502317","0.664827",113,"line8049_human"
"type02_120",2,"mixed_code_002.py",5,"agc_mixed_002_05","AGC",1,0,0,116,116,0,"1.795861","0.284907","0.511653",115,"line8466_lm"
"type02_120",2,"mixed_code_002.py",6,"hwc_mixed_002_06","HWC",0,0,0,112,112,0,"1.574411","0.295386","0.465059",112,"line7214_human"
"type02_120",3,"mixed_code_003.py",1,"hwc_mixed_003_01","HWC",0,0,0,121,121,0,"1.157261","0.963287","1.114774",120,"line1350_human"
"type02_120",3,"mixed_code_003.py",2,"agc_mixed_003_02","AGC",1,0,0,120,120,0,"1.477544","0.422110","0.623686",119,"line6192_lm"
"type02_120",3,"mixed_code_003.py",3,"hwc_mixed_003_03","HWC",0,0,0,117,117,0,"1.339201","0.546098","0.731335",116,"line5433_human"
"type02_120",3,"mixed_code_003.py",4,"hwc_mixed_003_04","HWC",0,0,0,114,114,0,"1.350596","0.596094","0.805082",113,"line2246_human"
"type02_120",3,"mixed_code_003.py",5,"agc_mixed_003_05","AGC",1,0,0,121,121,0,"1.502670","0.318564","0.478697",120,"line4440_lm"
"type02_120",3,"mixed_code_003.py",6,"agc_mixed_003_06","AGC",1,0,0,116,116,0,"1.787621","0.312028","0.557787",116,"line2191_lm"
"type02_120",4,"mixed_code_004.py",1,"hwc_mixed_004_01","HWC",0,0,0,114,114,0,"1.255995","0.558269","0.701183",113,"line5680_human"
"type02_120",4,"mixed_code_004.py",2,"agc_mixed_004_02","AGC",1,0,0,120,120,0,"1.399179","0.539319","0.754604",119,"line3744_lm"
"type02_120",4,"mixed_code_004.py",3,"agc_mixed_004_03","AGC",1,0,0,117,117,0,"1.715356","0.258476","0.443378",116,"line7104_lm"
"type02_120",4,"mixed_code_004.py",4,"hwc_mixed_004_04","HWC",0,0,0,118,118,0,"1.192911","0.657842","0.784747",117,"line2785_human"
"type02_120",4,"mixed_code_004.py",5,"agc_mixed_004_05","AGC",1,0,0,120,120,0,"1.514739","0.401056","0.607496",119,"line6565_lm"
"type02_120",4,"mixed_code_004.py",6,"hwc_mixed_004_06","HWC",0,0,0,117,117,0,"1.221040","0.787031","0.960997",117,"line1623_human"
"type02_120",5,"mixed_code_005.py",1,"agc_mixed_005_01","AGC",1,0,0,115,115,0,"1.511494","0.187437","0.283311",114,"line902_lm"
"type02_120",5,"mixed_code_005.py",2,"agc_mixed_005_02","AGC",1,0,0,113,113,0,"1.216124","0.735426","0.894369",112,"line6223_lm"
"type02_120",5,"mixed_code_005.py",3,"agc_mixed_005_03","AGC",1,0,0,115,115,0,"1.424736","0.505350","0.719990",114,"line3310_lm"
"type02_120",5,"mixed_code_005.py",4,"hwc_mixed_005_04","HWC",0,0,0,120,120,0,"1.291943","0.584400","0.755011",119,"line2166_human"
"type02_120",5,"mixed_code_005.py",5,"hwc_mixed_005_05","HWC",0,0,0,118,118,0,"1.364472","0.432912","0.590696",117,"line6910_human"
"type02_120",5,"mixed_code_005.py",6,"hwc_mixed_005_06","HWC",0,0,0,113,113,0,"1.495944","0.475804","0.711776",113,"line2362_human"
"type03_130",1,"mixed_code_001.py",1,"hwc_mixed_001_01","HWC",0,0,0,127,127,0,"1.174621","0.570827","0.670505",126,"line1394_human"
"type03_130",1,"mixed_code_001.py",2,"hwc_mixed_001_02","HWC",0,0,0,123,123,0,"1.384854","0.371414","0.514354",122,"line7681_human"
"type03_130",1,"mixed_code_001.py",3,"agc_mixed_001_03","AGC",1,0,0,128,128,0,"1.670794","0.333209","0.556724",127,"line94_lm"
"type03_130",1,"mixed_code_001.py",4,"agc_mixed_001_04","AGC",1,0,0,128,128,0,"1.477805","0.424159","0.626824",127,"line4201_lm"
"type03_130",1,"mixed_code_001.py",5,"hwc_mixed_001_05","HWC",0,0,0,126,126,0,"1.225626","0.660436","0.809448",125,"line4438_human"
"type03_130",1,"mixed_code_001.py",6,"agc_mixed_001_06","AGC",1,0,0,125,125,0,"1.106125","0.750495","0.830141",125,"line8836_lm"
"type03_130",2,"mixed_code_002.py",1,"hwc_mixed_002_01","HWC",0,0,0,128,128,0,"1.415363","0.299769","0.424282",128,"line8546_human"
"type03_130",2,"mixed_code_002.py",1,"hwc_mixed_002_01","HWC",0,1,128,129,1,1,"nan","nan","nan",128,"line8546_human"
"type03_130",2,"mixed_code_002.py",2,"agc_mixed_002_02","AGC",1,0,0,122,122,0,"1.190121","0.764546","0.909903",121,"line225_lm"
"type03_130",2,"mixed_code_002.py",3,"agc_mixed_002_03","AGC",1,0,0,125,125,0,"1.949280","0.215140","0.419369",124,"line8670_lm"
"type03_130",2,"mixed_code_002.py",4,"agc_mixed_002_04","AGC",1,0,0,127,127,0,"1.497947","0.412816","0.618377",126,"line4476_lm"
"type03_130",2,"mixed_code_002.py",5,"hwc_mixed_002_05","HWC",0,0,0,128,128,0,"1.176960","0.843322","0.992555",128,"line4337_human"
"type03_130",2,"mixed_code_002.py",5,"hwc_mixed_002_05","HWC",0,1,128,129,1,1,"nan","nan","nan",128,"line4337_human"
"type03_130",2,"mixed_code_002.py",6,"hwc_mixed_002_06","HWC",0,0,0,121,121,0,"1.251951","0.742696","0.929819",121,"line2453_human"
"type03_130",3,"mixed_code_003.py",1,"agc_mixed_003_01","AGC",1,0,0,128,128,0,"1.826488","0.232098","0.423924",128,"line4760_lm"
"type03_130",3,"mixed_code_003.py",1,"agc_mixed_003_01","AGC",1,1,128,129,1,1,"nan","nan","nan",128,"line4760_lm"
"type03_130",3,"mixed_code_003.py",2,"agc_mixed_003_02","AGC",1,0,0,128,128,0,"1.891559","0.260534","0.492815",127,"line634_lm"
"type03_130",3,"mixed_code_003.py",3,"agc_mixed_003_03","AGC",1,0,0,127,127,0,"1.411024","0.296493","0.418358",126,"line8108_lm"
"type03_130",3,"mixed_code_003.py",4,"hwc_mixed_003_04","HWC",0,0,0,128,128,0,"1.497900","0.423203","0.633915",130,"line5149_human"
"type03_130",3,"mixed_code_003.py",4,"hwc_mixed_003_04","HWC",0,1,128,131,3,0,"1.019210","5.484287","5.589637",130,"line5149_human"
"type03_130",3,"mixed_code_003.py",5,"hwc_mixed_003_05","HWC",0,0,0,127,127,0,"1.222024","0.430066","0.525551",126,"line5103_human"
"type03_130",3,"mixed_code_003.py",6,"hwc_mixed_003_06","HWC",0,0,0,122,122,0,"1.378722","0.503538","0.694240",122,"line4501_human"
"type03_130",4,"mixed_code_004.py",1,"hwc_mixed_004_01","HWC",0,0,0,128,128,0,"1.182755","0.798292","0.944184",128,"line8323_human"
"type03_130",4,"mixed_code_004.py",1,"hwc_mixed_004_01","HWC",0,1,128,129,1,1,"nan","nan","nan",128,"line8323_human"
"type03_130",4,"mixed_code_004.py",2,"agc_mixed_004_02","AGC",1,0,0,128,128,0,"1.361496","0.660280","0.898969",129,"line7964_lm"
"type03_130",4,"mixed_code_004.py",2,"agc_mixed_004_02","AGC",1,1,128,130,2,0,"1.140414","4.438412","5.061629",129,"line7964_lm"
"type03_130",4,"mixed_code_004.py",3,"hwc_mixed_004_03","HWC",0,0,0,128,128,0,"1.370733","0.524764","0.719312",128,"line7990_human"
"type03_130",4,"mixed_code_004.py",3,"hwc_mixed_004_03","HWC",0,1,128,129,1,1,"nan","nan","nan",128,"line7990_human"
"type03_130",4,"mixed_code_004.py",4,"agc_mixed_004_04","AGC",1,0,0,127,127,0,"1.872744","0.245795","0.460312",126,"line1378_lm"
"type03_130",4,"mixed_code_004.py",5,"agc_mixed_004_05","AGC",1,0,0,127,127,0,"1.205190","0.710081","0.855782",126,"line4069_lm"
"type03_130",4,"mixed_code_004.py",6,"hwc_mixed_004_06","HWC",0,0,0,128,128,0,"1.142715","0.791751","0.904746",128,"line3235_human"
"type03_130",5,"mixed_code_005.py",1,"hwc_mixed_005_01","HWC",0,0,0,125,125,0,"1.475806","0.369099","0.544719",124,"line866_human"
"type03_130",5,"mixed_code_005.py",2,"agc_mixed_005_02","AGC",1,0,0,128,128,0,"1.830188","0.232369","0.425278",130,"line8479_lm"
"type03_130",5,"mixed_code_005.py",2,"agc_mixed_005_02","AGC",1,1,128,131,3,0,"1.068674","4.371577","4.671791",130,"line8479_lm"
"type03_130",5,"mixed_code_005.py",3,"hwc_mixed_005_03","HWC",0,0,0,125,125,0,"1.176675","0.780852","0.918809",124,"line2714_human"
"type03_130",5,"mixed_code_005.py",4,"agc_mixed_005_04","AGC",1,0,0,127,127,0,"1.908246","0.253730","0.484180",126,"line1961_lm"
"type03_130",5,"mixed_code_005.py",5,"hwc_mixed_005_05","HWC",0,0,0,127,127,0,"1.221956","0.705203","0.861727",126,"line5393_human"
"type03_130",5,"mixed_code_005.py",6,"agc_mixed_005_06","AGC",1,0,0,128,128,0,"1.638009","0.344167","0.563748",130,"line7503_lm"
"type03_130",5,"mixed_code_005.py",6,"agc_mixed_005_06","AGC",1,1,128,130,2,0,"1.068777","3.954948","4.226959",130,"line7503_lm"
"type04_140",1,"mixed_code_001.py",1,"hwc_mixed_001_01","HWC",0,0,0,128,128,0,"1.226140","0.655148","0.803303",135,"line1813_human"
"type04_140",1,"mixed_code_001.py",1,"hwc_mixed_001_01","HWC",0,1,128,136,8,0,"1.023086","3.820167","3.908360",135,"line1813_human"
"type04_140",1,"mixed_code_001.py",2,"agc_mixed_001_02","AGC",1,0,0,128,128,0,"1.306385","0.626699","0.818710",131,"line3028_lm"
"type04_140",1,"mixed_code_001.py",2,"agc_mixed_001_02","AGC",1,1,128,132,4,0,"1.014499","3.253222","3.300389",131,"line3028_lm"
"type04_140",1,"mixed_code_001.py",3,"agc_mixed_001_03","AGC",1,0,0,128,128,0,"1.268489","0.581914","0.738152",131,"line244_lm"
"type04_140",1,"mixed_code_001.py",3,"agc_mixed_001_03","AGC",1,1,128,132,4,0,"1.045879","5.309731","5.553336",131,"line244_lm"
"type04_140",1,"mixed_code_001.py",4,"hwc_mixed_001_04","HWC",0,0,0,128,128,0,"1.613967","0.309378","0.499325",134,"line2363_human"
"type04_140",1,"mixed_code_001.py",4,"hwc_mixed_001_04","HWC",0,1,128,135,7,0,"1.047807","4.670481","4.893761",134,"line2363_human"
"type04_140",1,"mixed_code_001.py",5,"hwc_mixed_001_05","HWC",0,0,0,128,128,0,"1.436641","0.348967","0.501341",132,"line546_human"
"type04_140",1,"mixed_code_001.py",5,"hwc_mixed_001_05","HWC",0,1,128,133,5,0,"1.044335","2.371055","2.476175",132,"line546_human"
"type04_140",1,"mixed_code_001.py",6,"agc_mixed_001_06","AGC",1,0,0,128,128,0,"1.940800","0.213860","0.415059",133,"line5537_lm"
"type04_140",1,"mixed_code_001.py",6,"agc_mixed_001_06","AGC",1,1,128,133,5,0,"1.135232","1.010735","1.147418",133,"line5537_lm"
"type04_140",2,"mixed_code_002.py",1,"hwc_mixed_002_01","HWC",0,0,0,128,128,0,"1.934538","0.214947","0.415822",134,"line4640_human"
"type04_140",2,"mixed_code_002.py",1,"hwc_mixed_002_01","HWC",0,1,128,135,7,0,"1.033554","4.383844","4.530941",134,"line4640_human"
"type04_140",2,"mixed_code_002.py",2,"agc_mixed_002_02","AGC",1,0,0,128,128,0,"1.780794","0.221672","0.394753",138,"line7580_lm"
"type04_140",2,"mixed_code_002.py",2,"agc_mixed_002_02","AGC",1,1,128,139,11,0,"1.114474","1.442434","1.607555",138,"line7580_lm"
"type04_140",2,"mixed_code_002.py",3,"hwc_mixed_002_03","HWC",0,0,0,128,128,0,"1.267506","0.640416","0.811731",134,"line4812_human"
"type04_140",2,"mixed_code_002.py",3,"hwc_mixed_002_03","HWC",0,1,128,135,7,0,"1.024967","2.941936","3.015388",134,"line4812_human"
"type04_140",2,"mixed_code_002.py",4,"agc_mixed_002_04","AGC",1,0,0,128,128,0,"1.661219","0.370574","0.615604",137,"line8715_lm"
"type04_140",2,"mixed_code_002.py",4,"agc_mixed_002_04","AGC",1,1,128,138,10,0,"1.108142","3.150675","3.491396",137,"line8715_lm"
"type04_140",2,"mixed_code_002.py",5,"agc_mixed_002_05","AGC",1,0,0,128,128,0,"2.038276","0.250387","0.510357",140,"line117_lm"
"type04_140",2,"mixed_code_002.py",5,"agc_mixed_002_05","AGC",1,1,128,141,13,0,"1.022905","2.725270","2.787692",140,"line117_lm"
"type04_140",2,"mixed_code_002.py",6,"hwc_mixed_002_06","HWC",0,0,0,128,128,0,"1.304880","0.535363","0.698584",138,"line386_human"
"type04_140",2,"mixed_code_002.py",6,"hwc_mixed_002_06","HWC",0,1,128,138,10,0,"1.006390","3.921176","3.946232",138,"line386_human"
"type04_140",3,"mixed_code_003.py",1,"agc_mixed_003_01","AGC",1,0,0,128,128,0,"1.476828","0.357006","0.527236",136,"line1444_lm"
"type04_140",3,"mixed_code_003.py",1,"agc_mixed_003_01","AGC",1,1,128,137,9,0,"1.005615","3.228765","3.246896",136,"line1444_lm"
"type04_140",3,"mixed_code_003.py",2,"hwc_mixed_003_02","HWC",0,0,0,128,128,0,"1.122617","0.791853","0.888947",136,"line5650_human"
"type04_140",3,"mixed_code_003.py",2,"hwc_mixed_003_02","HWC",0,1,128,137,9,0,"1.057302","1.596168","1.687632",136,"line5650_human"
"type04_140",3,"mixed_code_003.py",3,"hwc_mixed_003_03","HWC",0,0,0,128,128,0,"1.263705","0.739398","0.934381",136,"line7170_human"
"type04_140",3,"mixed_code_003.py",3,"hwc_mixed_003_03","HWC",0,1,128,137,9,0,"1.072918","1.445683","1.551099",136,"line7170_human"
"type04_140",3,"mixed_code_003.py",4,"agc_mixed_003_04","AGC",1,0,0,128,128,0,"1.421730","0.442503","0.629120",139,"line4377_lm"
"type04_140",3,"mixed_code_003.py",4,"agc_mixed_003_04","AGC",1,1,128,140,12,0,"1.087825","2.247269","2.444635",139,"line4377_lm"
"type04_140",3,"mixed_code_003.py",5,"agc_mixed_003_05","AGC",1,0,0,128,128,0,"1.374380","0.664546","0.913338",132,"line2319_lm"
"type04_140",3,"mixed_code_003.py",5,"agc_mixed_003_05","AGC",1,1,128,133,5,0,"1.001305","2.906229","2.910020",132,"line2319_lm"
"type04_140",3,"mixed_code_003.py",6,"hwc_mixed_003_06","HWC",0,0,0,128,128,0,"1.206513","0.645216","0.778461",134,"line5326_human"
"type04_140",3,"mixed_code_003.py",6,"hwc_mixed_003_06","HWC",0,1,128,134,6,0,"1.108167","1.786125","1.979324",134,"line5326_human"
"type04_140",4,"mixed_code_004.py",1,"hwc_mixed_004_01","HWC",0,0,0,128,128,0,"1.185478","0.857087","1.016058",137,"line4947_human"
"type04_140",4,"mixed_code_004.py",1,"hwc_mixed_004_01","HWC",0,1,128,138,10,0,"1.012905","3.991506","4.043016",137,"line4947_human"
"type04_140",4,"mixed_code_004.py",2,"agc_mixed_004_02","AGC",1,0,0,128,128,0,"1.560150","0.386652","0.603235",138,"line7357_lm"
"type04_140",4,"mixed_code_004.py",2,"agc_mixed_004_02","AGC",1,1,128,139,11,0,"0.982057","1.554805","1.526907",138,"line7357_lm"
"type04_140",4,"mixed_code_004.py",3,"hwc_mixed_004_03","HWC",0,0,0,128,128,0,"1.333245","0.554472","0.739247",135,"line2530_human"
"type04_140",4,"mixed_code_004.py",3,"hwc_mixed_004_03","HWC",0,1,128,136,8,0,"1.248705","1.223896","1.528286",135,"line2530_human"
"type04_140",4,"mixed_code_004.py",4,"hwc_mixed_004_04","HWC",0,0,0,128,128,0,"1.166279","1.040403","1.213399",138,"line2819_human"
"type04_140",4,"mixed_code_004.py",4,"hwc_mixed_004_04","HWC",0,1,128,139,11,0,"1.215784","1.549378","1.883708",138,"line2819_human"
"type04_140",4,"mixed_code_004.py",5,"agc_mixed_004_05","AGC",1,0,0,128,128,0,"1.974900","0.278433","0.549877",140,"line2152_lm"
"type04_140",4,"mixed_code_004.py",5,"agc_mixed_004_05","AGC",1,1,128,141,13,0,"1.191690","1.593176","1.898572",140,"line2152_lm"
"type04_140",4,"mixed_code_004.py",6,"agc_mixed_004_06","AGC",1,0,0,128,128,0,"1.422226","0.533682","0.759016",136,"line2179_lm"
"type04_140",4,"mixed_code_004.py",6,"agc_mixed_004_06","AGC",1,1,128,136,8,0,"1.064841","1.861861","1.982585",136,"line2179_lm"
"type04_140",5,"mixed_code_005.py",1,"agc_mixed_005_01","AGC",1,0,0,128,128,0,"2.145330","0.187043","0.401269",135,"line576_lm"
"type04_140",5,"mixed_code_005.py",1,"agc_mixed_005_01","AGC",1,1,128,136,8,0,"1.300065","1.085863","1.411693",135,"line576_lm"
"type04_140",5,"mixed_code_005.py",2,"hwc_mixed_005_02","HWC",0,0,0,128,128,0,"1.296332","0.641791","0.831974",132,"line4059_human"
"type04_140",5,"mixed_code_005.py",2,"hwc_mixed_005_02","HWC",0,1,128,133,5,0,"1.061349","3.931562","4.172758",132,"line4059_human"
"type04_140",5,"mixed_code_005.py",3,"agc_mixed_005_03","AGC",1,0,0,128,128,0,"2.389232","0.205406","0.490763",138,"line526_lm"
"type04_140",5,"mixed_code_005.py",3,"agc_mixed_005_03","AGC",1,1,128,139,11,0,"1.052724","1.858586","1.956578",138,"line526_lm"
"type04_140",5,"mixed_code_005.py",4,"hwc_mixed_005_04","HWC",0,0,0,128,128,0,"1.053499","0.812032","0.855475",139,"line4095_human"
"type04_140",5,"mixed_code_005.py",4,"hwc_mixed_005_04","HWC",0,1,128,140,12,0,"0.931209","4.059965","3.780676",139,"line4095_human"
"type04_140",5,"mixed_code_005.py",5,"hwc_mixed_005_05","HWC",0,0,0,128,128,0,"1.217424","0.695629","0.846876",140,"line6605_human"
"type04_140",5,"mixed_code_005.py",5,"hwc_mixed_005_05","HWC",0,1,128,141,13,0,"1.101966","1.329821","1.465418",140,"line6605_human"
"type04_140",5,"mixed_code_005.py",6,"agc_mixed_005_06","AGC",1,0,0,128,128,0,"1.714927","0.340122","0.583285",132,"line6737_lm"
"type04_140",5,"mixed_code_005.py",6,"agc_mixed_005_06","AGC",1,1,128,132,4,0,"0.994748","4.349985","4.327138",132,"line6737_lm"
"type05_150",1,"mixed_code_001.py",1,"agc_mixed_001_01","AGC",1,0,0,128,128,0,"2.103518","0.216424","0.455251",143,"line3333_lm"
"type05_150",1,"mixed_code_001.py",1,"agc_mixed_001_01","AGC",1,1,128,144,16,0,"1.195464","1.431835","1.711708",143,"line3333_lm"
"type05_150",1,"mixed_code_001.py",2,"hwc_mixed_001_02","HWC",0,0,0,128,128,0,"1.280900","0.604029","0.773701",148,"line2921_human"
"type05_150",1,"mixed_code_001.py",2,"hwc_mixed_001_02","HWC",0,1,128,149,21,0,"1.232062","0.984513","1.212981",148,"line2921_human"
"type05_150",1,"mixed_code_001.py",3,"agc_mixed_001_03","AGC",1,0,0,128,128,0,"1.793265","0.498591","0.894106",143,"line6277_lm"
"type05_150",1,"mixed_code_001.py",3,"agc_mixed_001_03","AGC",1,1,128,144,16,0,"1.261482","1.285929","1.622176",143,"line6277_lm"
"type05_150",1,"mixed_code_001.py",4,"agc_mixed_001_04","AGC",1,0,0,128,128,0,"1.694203","0.334474","0.566667",147,"line2393_lm"
"type05_150",1,"mixed_code_001.py",4,"agc_mixed_001_04","AGC",1,1,128,148,20,0,"0.968566","1.966064","1.904262",147,"line2393_lm"
"type05_150",1,"mixed_code_001.py",5,"hwc_mixed_001_05","HWC",0,0,0,128,128,0,"1.143761","0.771106","0.881961",149,"line8208_human"
"type05_150",1,"mixed_code_001.py",5,"hwc_mixed_001_05","HWC",0,1,128,150,22,0,"1.052028","1.006822","1.059205",149,"line8208_human"
"type05_150",1,"mixed_code_001.py",6,"hwc_mixed_001_06","HWC",0,0,0,128,128,0,"1.387741","0.485015","0.673075",145,"line981_human"
"type05_150",1,"mixed_code_001.py",6,"hwc_mixed_001_06","HWC",0,1,128,145,17,0,"0.967558","2.507695","2.426340",145,"line981_human"
"type05_150",2,"mixed_code_002.py",1,"agc_mixed_002_01","AGC",1,0,0,128,128,0,"1.518318","0.401724","0.609945",144,"line556_lm"
"type05_150",2,"mixed_code_002.py",1,"agc_mixed_002_01","AGC",1,1,128,145,17,0,"1.212893","0.929733","1.127667",144,"line556_lm"
"type05_150",2,"mixed_code_002.py",2,"hwc_mixed_002_02","HWC",0,0,0,128,128,0,"1.237432","0.590667","0.730910",150,"line1961_human"
"type05_150",2,"mixed_code_002.py",2,"hwc_mixed_002_02","HWC",0,1,128,151,23,0,"0.956853","2.437235","2.332075",150,"line1961_human"
"type05_150",2,"mixed_code_002.py",3,"hwc_mixed_002_03","HWC",0,0,0,128,128,0,"1.304876","0.476626","0.621937",145,"line1896_human"
"type05_150",2,"mixed_code_002.py",3,"hwc_mixed_002_03","HWC",0,1,128,146,18,0,"1.066268","1.510737","1.610851",145,"line1896_human"
"type05_150",2,"mixed_code_002.py",4,"hwc_mixed_002_04","HWC",0,0,0,128,128,0,"1.227412","0.775971","0.952437",146,"line8599_human"
"type05_150",2,"mixed_code_002.py",4,"hwc_mixed_002_04","HWC",0,1,128,147,19,0,"1.028176","1.738918","1.787915",146,"line8599_human"
"type05_150",2,"mixed_code_002.py",5,"agc_mixed_002_05","AGC",1,0,0,128,128,0,"1.414227","0.448485","0.634259",148,"line8679_lm"
"type05_150",2,"mixed_code_002.py",5,"agc_mixed_002_05","AGC",1,1,128,149,21,0,"1.042076","2.208563","2.301489",148,"line8679_lm"
"type05_150",2,"mixed_code_002.py",6,"agc_mixed_002_06","AGC",1,0,0,128,128,0,"1.563991","0.290031","0.453606",142,"line6923_lm"
"type05_150",2,"mixed_code_002.py",6,"agc_mixed_002_06","AGC",1,1,128,142,14,0,"1.153738","1.398367","1.613350",142,"line6923_lm"
"type05_150",3,"mixed_code_003.py",1,"agc_mixed_003_01","AGC",1,0,0,128,128,0,"1.767501","0.270790","0.478622",141,"line2592_lm"
"type05_150",3,"mixed_code_003.py",1,"agc_mixed_003_01","AGC",1,1,128,142,14,0,"1.042937","2.281466","2.379426",141,"line2592_lm"
"type05_150",3,"mixed_code_003.py",2,"hwc_mixed_003_02","HWC",0,0,0,128,128,0,"1.240231","0.728367","0.903343",144,"line3638_human"
"type05_150",3,"mixed_code_003.py",2,"hwc_mixed_003_02","HWC",0,1,128,145,17,0,"1.001932","3.188611","3.194771",144,"line3638_human"
"type05_150",3,"mixed_code_003.py",3,"agc_mixed_003_03","AGC",1,0,0,128,128,0,"1.893638","0.161451","0.305729",145,"line377_lm"
"type05_150",3,"mixed_code_003.py",3,"agc_mixed_003_03","AGC",1,1,128,146,18,0,"1.301084","0.887199","1.154321",145,"line377_lm"
"type05_150",3,"mixed_code_003.py",4,"hwc_mixed_003_04","HWC",0,0,0,128,128,0,"1.263725","0.655250","0.828056",146,"line4954_human"
"type05_150",3,"mixed_code_003.py",4,"hwc_mixed_003_04","HWC",0,1,128,147,19,0,"1.061989","2.036049","2.162262",146,"line4954_human"
"type05_150",3,"mixed_code_003.py",5,"hwc_mixed_003_05","HWC",0,0,0,128,128,0,"1.235726","0.620630","0.766929",149,"line5640_human"
"type05_150",3,"mixed_code_003.py",5,"hwc_mixed_003_05","HWC",0,1,128,150,22,0,"1.090344","1.990033","2.169821",149,"line5640_human"
"type05_150",3,"mixed_code_003.py",6,"agc_mixed_003_06","AGC",1,0,0,128,128,0,"1.430184","0.534193","0.763993",141,"line1174_lm"
"type05_150",3,"mixed_code_003.py",6,"agc_mixed_003_06","AGC",1,1,128,141,13,0,"0.987317","3.040384","3.001824",141,"line1174_lm"
"type05_150",4,"mixed_code_004.py",1,"hwc_mixed_004_01","HWC",0,0,0,128,128,0,"1.325191","0.571643","0.757537",141,"line1219_human"
"type05_150",4,"mixed_code_004.py",1,"hwc_mixed_004_01","HWC",0,1,128,142,14,0,"1.070849","1.910103","2.045432",141,"line1219_human"
"type05_150",4,"mixed_code_004.py",2,"agc_mixed_004_02","AGC",1,0,0,128,128,0,"1.318621","0.529751","0.698540",146,"line5490_lm"
"type05_150",4,"mixed_code_004.py",2,"agc_mixed_004_02","AGC",1,1,128,147,19,0,"0.963277","2.387145","2.299481",146,"line5490_lm"
"type05_150",4,"mixed_code_004.py",3,"hwc_mixed_004_03","HWC",0,0,0,128,128,0,"1.309181","0.539165","0.705864",149,"line7948_human"
"type05_150",4,"mixed_code_004.py",3,"hwc_mixed_004_03","HWC",0,1,128,150,22,0,"1.064623","1.628864","1.734126",149,"line7948_human"
"type05_150",4,"mixed_code_004.py",4,"hwc_mixed_004_04","HWC",0,0,0,128,128,0,"1.133363","0.933460","1.057949",146,"line5387_human"
"type05_150",4,"mixed_code_004.py",4,"hwc_mixed_004_04","HWC",0,1,128,147,19,0,"0.987223","2.039793","2.013730",146,"line5387_human"
"type05_150",4,"mixed_code_004.py",5,"agc_mixed_004_05","AGC",1,0,0,128,128,0,"1.330308","0.590832","0.785989",149,"line3959_lm"
"type05_150",4,"mixed_code_004.py",5,"agc_mixed_004_05","AGC",1,1,128,150,22,0,"1.150784","1.310354","1.507934",149,"line3959_lm"
"type05_150",4,"mixed_code_004.py",6,"agc_mixed_004_06","AGC",1,0,0,128,128,0,"1.273518","0.427562","0.544508",150,"line3686_lm"
"type05_150",4,"mixed_code_004.py",6,"agc_mixed_004_06","AGC",1,1,128,150,22,0,"1.098919","1.309626","1.439172",150,"line3686_lm"
"type05_150",5,"mixed_code_005.py",1,"hwc_mixed_005_01","HWC",0,0,0,128,128,0,"1.122647","0.834657","0.937025",145,"line2625_human"
"type05_150",5,"mixed_code_005.py",1,"hwc_mixed_005_01","HWC",0,1,128,146,18,0,"1.050994","2.101913","2.209098",145,"line2625_human"
"type05_150",5,"mixed_code_005.py",2,"hwc_mixed_005_02","HWC",0,0,0,128,128,0,"1.292891","0.489471","0.632832",141,"line4022_human"
"type05_150",5,"mixed_code_005.py",2,"hwc_mixed_005_02","HWC",0,1,128,142,14,0,"1.059340","1.885864","1.997771",141,"line4022_human"
"type05_150",5,"mixed_code_005.py",3,"agc_mixed_005_03","AGC",1,0,0,128,128,0,"1.675260","0.263950","0.442185",146,"line6879_lm"
"type05_150",5,"mixed_code_005.py",3,"agc_mixed_005_03","AGC",1,1,128,147,19,0,"1.136560","1.544981","1.755963",146,"line6879_lm"
"type05_150",5,"mixed_code_005.py",4,"agc_mixed_005_04","AGC",1,0,0,128,128,0,"1.874917","0.250652","0.469952",150,"line348_lm"
"type05_150",5,"mixed_code_005.py",4,"agc_mixed_005_04","AGC",1,1,128,151,23,0,"1.085691","1.571733","1.706417",150,"line348_lm"
"type05_150",5,"mixed_code_005.py",5,"agc_mixed_005_05","AGC",1,0,0,128,128,0,"1.284664","0.479992","0.616629",144,"line1644_lm"
"type05_150",5,"mixed_code_005.py",5,"agc_mixed_005_05","AGC",1,1,128,145,17,0,"0.925286","1.913670","1.770692",144,"line1644_lm"
"type05_150",5,"mixed_code_005.py",6,"hwc_mixed_005_06","HWC",0,0,0,128,128,0,"1.292771","0.629373","0.813635",148,"line4430_human"
"type05_150",5,"mixed_code_005.py",6,"hwc_mixed_005_06","HWC",0,1,128,148,20,0,"1.060433","2.300107","2.439109",148,"line4430_human"
"type06_160",1,"mixed_code_001.py",1,"agc_mixed_001_01","AGC",1,0,0,128,128,0,"1.405645","0.459436","0.645804",158,"line3985_lm"
"type06_160",1,"mixed_code_001.py",1,"agc_mixed_001_01","AGC",1,1,128,159,31,0,"1.320868","0.578188","0.763710",158,"line3985_lm"
"type06_160",1,"mixed_code_001.py",2,"hwc_mixed_001_02","HWC",0,0,0,128,128,0,"1.298543","0.532702","0.691736",155,"line142_human"
"type06_160",1,"mixed_code_001.py",2,"hwc_mixed_001_02","HWC",0,1,128,156,28,0,"1.245074","0.838224","1.043650",155,"line142_human"
"type06_160",1,"mixed_code_001.py",3,"hwc_mixed_001_03","HWC",0,0,0,128,128,0,"1.333335","0.425689","0.567586",158,"line6188_human"
"type06_160",1,"mixed_code_001.py",3,"hwc_mixed_001_03","HWC",0,1,128,159,31,0,"1.094718","1.036145","1.134287",158,"line6188_human"
"type06_160",1,"mixed_code_001.py",4,"agc_mixed_001_04","AGC",1,0,0,128,128,0,"1.753710","0.335691","0.588704",155,"line1530_lm"
"type06_160",1,"mixed_code_001.py",4,"agc_mixed_001_04","AGC",1,1,128,156,28,0,"1.036353","1.985501","2.057680",155,"line1530_lm"
"type06_160",1,"mixed_code_001.py",5,"agc_mixed_001_05","AGC",1,0,0,128,128,0,"1.437957","0.351300","0.505155",154,"line8238_lm"
"type06_160",1,"mixed_code_001.py",5,"agc_mixed_001_05","AGC",1,1,128,155,27,0,"1.040223","1.805794","1.878429",154,"line8238_lm"
"type06_160",1,"mixed_code_001.py",6,"hwc_mixed_001_06","HWC",0,0,0,128,128,0,"1.368627","0.508596","0.696078",151,"line6649_human"
"type06_160",1,"mixed_code_001.py",6,"hwc_mixed_001_06","HWC",0,1,128,151,23,0,"0.899794","2.556947","2.300726",151,"line6649_human"
"type06_160",2,"mixed_code_002.py",1,"hwc_mixed_002_01","HWC",0,0,0,128,128,0,"1.395766","0.519394","0.724952",157,"line3760_human"
"type06_160",2,"mixed_code_002.py",1,"hwc_mixed_002_01","HWC",0,1,128,158,30,0,"1.104620","1.740368","1.922445",157,"line3760_human"
"type06_160",2,"mixed_code_002.py",2,"agc_mixed_002_02","AGC",1,0,0,128,128,0,"1.497712","0.453117","0.678639",152,"line3023_lm"
"type06_160",2,"mixed_code_002.py",2,"agc_mixed_002_02","AGC",1,1,128,153,25,0,"1.099977","1.197237","1.316933",152,"line3023_lm"
"type06_160",2,"mixed_code_002.py",3,"hwc_mixed_002_03","HWC",0,0,0,128,128,0,"1.420229","0.462207","0.656440",151,"line4470_human"
"type06_160",2,"mixed_code_002.py",3,"hwc_mixed_002_03","HWC",0,1,128,152,24,0,"0.998317","2.006651","2.003274",151,"line4470_human"
"type06_160",2,"mixed_code_002.py",4,"agc_mixed_002_04","AGC",1,0,0,128,128,0,"1.365199","0.537146","0.733311",152,"line1764_lm"
"type06_160",2,"mixed_code_002.py",4,"agc_mixed_002_04","AGC",1,1,128,153,25,0,"1.157646","0.651609","0.754333",152,"line1764_lm"
"type06_160",2,"mixed_code_002.py",5,"agc_mixed_002_05","AGC",1,0,0,128,128,0,"3.098078","0.068767","0.213047",151,"line4282_lm"
"type06_160",2,"mixed_code_002.py",5,"agc_mixed_002_05","AGC",1,1,128,152,24,0,"1.416477","0.467342","0.661979",151,"line4282_lm"
"type06_160",2,"mixed_code_002.py",6,"hwc_mixed_002_06","HWC",0,0,0,128,128,0,"1.367348","0.312698","0.427567",158,"line7643_human"
"type06_160",2,"mixed_code_002.py",6,"hwc_mixed_002_06","HWC",0,1,128,158,30,0,"1.262880","0.613993","0.775399",158,"line7643_human"
"type06_160",3,"mixed_code_003.py",1,"agc_mixed_003_01","AGC",1,0,0,128,128,0,"1.476725","0.402456","0.594317",151,"line56_lm"
"type06_160",3,"mixed_code_003.py",1,"agc_mixed_003_01","AGC",1,1,128,152,24,0,"1.090999","1.155447","1.260592",151,"line56_lm"
"type06_160",3,"mixed_code_003.py",2,"hwc_mixed_003_02","HWC",0,0,0,128,128,0,"1.129092","1.269303","1.433160",156,"line3174_human"
"type06_160",3,"mixed_code_003.py",2,"hwc_mixed_003_02","HWC",0,1,128,157,29,0,"1.091083","1.560563","1.702703",156,"line3174_human"
"type06_160",3,"mixed_code_003.py",3,"hwc_mixed_003_03","HWC",0,0,0,128,128,0,"1.305780","0.545739","0.712615",159,"line2586_human"
"type06_160",3,"mixed_code_003.py",3,"hwc_mixed_003_03","HWC",0,1,128,160,32,0,"1.118002","0.950365","1.062510",159,"line2586_human"
"type06_160",3,"mixed_code_003.py",4,"agc_mixed_003_04","AGC",1,0,0,128,128,0,"1.266138","0.569528","0.721102",154,"line7096_lm"
"type06_160",3,"mixed_code_003.py",4,"agc_mixed_003_04","AGC",1,1,128,155,27,0,"1.100478","1.935055","2.129486",154,"line7096_lm"
"type06_160",3,"mixed_code_003.py",5,"agc_mixed_003_05","AGC",1,0,0,128,128,0,"1.363419","0.452684","0.617197",155,"line4014_lm"
"type06_160",3,"mixed_code_003.py",5,"agc_mixed_003_05","AGC",1,1,128,156,28,0,"1.063696","1.256677","1.336722",155,"line4014_lm"
"type06_160",3,"mixed_code_003.py",6,"hwc_mixed_003_06","HWC",0,0,0,128,128,0,"1.291071","0.522906","0.675109",152,"line2864_human"
"type06_160",3,"mixed_code_003.py",6,"hwc_mixed_003_06","HWC",0,1,128,152,24,0,"1.043841","1.577127","1.646270",152,"line2864_human"
"type06_160",4,"mixed_code_004.py",1,"agc_mixed_004_01","AGC",1,0,0,128,128,0,"1.430992","0.395512","0.565974",155,"line8123_lm"
"type06_160",4,"mixed_code_004.py",1,"agc_mixed_004_01","AGC",1,1,128,156,28,0,"1.155412","0.850953","0.983201",155,"line8123_lm"
"type06_160",4,"mixed_code_004.py",2,"agc_mixed_004_02","AGC",1,0,0,128,128,0,"1.675835","0.321847","0.539362",159,"line3538_lm"
"type06_160",4,"mixed_code_004.py",2,"agc_mixed_004_02","AGC",1,1,128,160,32,0,"1.275050","0.816527","1.041112",159,"line3538_lm"
"type06_160",4,"mixed_code_004.py",3,"hwc_mixed_004_03","HWC",0,0,0,128,128,0,"1.231111","0.555013","0.683282",158,"line4859_human"
"type06_160",4,"mixed_code_004.py",3,"hwc_mixed_004_03","HWC",0,1,128,159,31,0,"1.038559","1.257238","1.305716",158,"line4859_human"
"type06_160",4,"mixed_code_004.py",4,"hwc_mixed_004_04","HWC",0,0,0,128,128,0,"1.487462","0.389627","0.579556",157,"line1532_human"
"type06_160",4,"mixed_code_004.py",4,"hwc_mixed_004_04","HWC",0,1,128,158,30,0,"1.081244","1.765090","1.908493",157,"line1532_human"
"type06_160",4,"mixed_code_004.py",5,"hwc_mixed_004_05","HWC",0,0,0,128,128,0,"1.294117","0.371009","0.480129",160,"line7916_human"
"type06_160",4,"mixed_code_004.py",5,"hwc_mixed_004_05","HWC",0,1,128,161,33,0,"1.007465","1.688779","1.701384",160,"line7916_human"
"type06_160",4,"mixed_code_004.py",6,"agc_mixed_004_06","AGC",1,0,0,128,128,0,"1.344137","0.489109","0.657429",151,"line7158_lm"
"type06_160",4,"mixed_code_004.py",6,"agc_mixed_004_06","AGC",1,1,128,151,23,0,"1.078663","1.717825","1.852955",151,"line7158_lm"
"type06_160",5,"mixed_code_005.py",1,"hwc_mixed_005_01","HWC",0,0,0,128,128,0,"1.292244","0.619188","0.800142",151,"line1595_human"
"type06_160",5,"mixed_code_005.py",1,"hwc_mixed_005_01","HWC",0,1,128,152,24,0,"1.121061","1.390286","1.558596",151,"line1595_human"
"type06_160",5,"mixed_code_005.py",2,"hwc_mixed_005_02","HWC",0,0,0,128,128,0,"1.449373","0.498547","0.722580",154,"line7104_human"
"type06_160",5,"mixed_code_005.py",2,"hwc_mixed_005_02","HWC",0,1,128,155,27,0,"1.214605","1.281086","1.556013",154,"line7104_human"
"type06_160",5,"mixed_code_005.py",3,"agc_mixed_005_03","AGC",1,0,0,128,128,0,"1.600389","0.392628","0.628358",157,"line935_lm"
"type06_160",5,"mixed_code_005.py",3,"agc_mixed_005_03","AGC",1,1,128,158,30,0,"1.163914","0.943056","1.097637",157,"line935_lm"
"type06_160",5,"mixed_code_005.py",4,"agc_mixed_005_04","AGC",1,0,0,128,128,0,"1.423173","0.515227","0.733258",152,"line3678_lm"
"type06_160",5,"mixed_code_005.py",4,"agc_mixed_005_04","AGC",1,1,128,153,25,0,"1.115608","1.972013","2.199994",152,"line3678_lm"
"type06_160",5,"mixed_code_005.py",5,"hwc_mixed_005_05","HWC",0,0,0,128,128,0,"1.383374","0.602354","0.833281",152,"line970_human"
"type06_160",5,"mixed_code_005.py",5,"hwc_mixed_005_05","HWC",0,1,128,153,25,0,"1.160942","1.595112","1.851833",152,"line970_human"
"type06_160",5,"mixed_code_005.py",6,"agc_mixed_005_06","AGC",1,0,0,128,128,0,"1.926452","0.228334","0.439874",159,"line1104_lm"
"type06_160",5,"mixed_code_005.py",6,"agc_mixed_005_06","AGC",1,1,128,159,31,0,"1.130147","1.113433","1.258343",159,"line1104_lm"
"type07_170",1,"mixed_code_001.py",1,"agc_mixed_001_01","AGC",1,0,0,128,128,0,"1.294248","0.612937","0.793292",166,"line7513_lm"
"type07_170",1,"mixed_code_001.py",1,"agc_mixed_001_01","AGC",1,1,128,167,39,0,"1.062577","1.336365","1.419991",166,"line7513_lm"
"type07_170",1,"mixed_code_001.py",2,"hwc_mixed_001_02","HWC",0,0,0,128,128,0,"1.253873","0.672262","0.842931",164,"line5073_human"
"type07_170",1,"mixed_code_001.py",2,"hwc_mixed_001_02","HWC",0,1,128,165,37,0,"1.099735","1.197236","1.316643",164,"line5073_human"
"type07_170",1,"mixed_code_001.py",3,"agc_mixed_001_03","AGC",1,0,0,128,128,0,"2.710713","0.156823","0.425103",167,"line7805_lm"
"type07_170",1,"mixed_code_001.py",3,"agc_mixed_001_03","AGC",1,1,128,168,40,0,"1.458971","0.597363","0.871535",167,"line7805_lm"
"type07_170",1,"mixed_code_001.py",4,"agc_mixed_001_04","AGC",1,0,0,128,128,0,"1.267939","0.694797","0.880960",163,"line3804_lm"
"type07_170",1,"mixed_code_001.py",4,"agc_mixed_001_04","AGC",1,1,128,164,36,0,"1.057378","1.904396","2.013665",163,"line3804_lm"
"type07_170",1,"mixed_code_001.py",5,"hwc_mixed_001_05","HWC",0,0,0,128,128,0,"1.264179","0.697579","0.881865",164,"line2927_human"
"type07_170",1,"mixed_code_001.py",5,"hwc_mixed_001_05","HWC",0,1,128,165,37,0,"1.152439","1.107625","1.276470",164,"line2927_human"
"type07_170",1,"mixed_code_001.py",6,"hwc_mixed_001_06","HWC",0,0,0,128,128,0,"1.160959","0.784220","0.910447",170,"line2061_human"
"type07_170",1,"mixed_code_001.py",6,"hwc_mixed_001_06","HWC",0,1,128,170,42,0,"1.114915","1.360088","1.516383",170,"line2061_human"
"type07_170",2,"mixed_code_002.py",1,"agc_mixed_002_01","AGC",1,0,0,128,128,0,"1.404824","0.511806","0.718998",168,"line1241_lm"
"type07_170",2,"mixed_code_002.py",1,"agc_mixed_002_01","AGC",1,1,128,169,41,0,"1.053556","1.864541","1.964399",168,"line1241_lm"
"type07_170",2,"mixed_code_002.py",2,"agc_mixed_002_02","AGC",1,0,0,128,128,0,"1.063748","1.000932","1.064739",166,"line5343_lm"
"type07_170",2,"mixed_code_002.py",2,"agc_mixed_002_02","AGC",1,1,128,167,39,0,"0.844472","2.497747","2.109279",166,"line5343_lm"
"type07_170",2,"mixed_code_002.py",3,"hwc_mixed_002_03","HWC",0,0,0,128,128,0,"1.615713","0.343449","0.554916",163,"line1115_human"
"type07_170",2,"mixed_code_002.py",3,"hwc_mixed_002_03","HWC",0,1,128,164,36,0,"1.213897","0.728145","0.883893",163,"line1115_human"
"type07_170",2,"mixed_code_002.py",4,"agc_mixed_002_04","AGC",1,0,0,128,128,0,"1.950537","0.228900","0.446479",162,"line6314_lm"
"type07_170",2,"mixed_code_002.py",4,"agc_mixed_002_04","AGC",1,1,128,163,35,0,"1.320328","0.699744","0.923891",162,"line6314_lm"
"type07_170",2,"mixed_code_002.py",5,"hwc_mixed_002_05","HWC",0,0,0,128,128,0,"1.215454","0.689661","0.838251",170,"line564_human"
"type07_170",2,"mixed_code_002.py",5,"hwc_mixed_002_05","HWC",0,1,128,171,43,0,"1.150862","0.906648","1.043427",170,"line564_human"
"type07_170",2,"mixed_code_002.py",6,"hwc_mixed_002_06","HWC",0,0,0,128,128,0,"1.151069","0.670315","0.771579",168,"line8836_human"
"type07_170",2,"mixed_code_002.py",6,"hwc_mixed_002_06","HWC",0,1,128,168,40,0,"1.032801","1.556092","1.607133",168,"line8836_human"
"type07_170",3,"mixed_code_003.py",1,"agc_mixed_003_01","AGC",1,0,0,128,128,0,"2.006164","0.148034","0.296980",161,"line3796_lm"
"type07_170",3,"mixed_code_003.py",1,"agc_mixed_003_01","AGC",1,1,128,162,34,0,"1.398424","0.464886","0.650108",161,"line3796_lm"
"type07_170",3,"mixed_code_003.py",2,"hwc_mixed_003_02","HWC",0,0,0,128,128,0,"1.153217","1.014787","1.170270",168,"line1286_human"
"type07_170",3,"mixed_code_003.py",2,"hwc_mixed_003_02","HWC",0,1,128,169,41,0,"1.072623","1.202343","1.289661",168,"line1286_human"
"type07_170",3,"mixed_code_003.py",3,"hwc_mixed_003_03","HWC",0,0,0,128,128,0,"1.311068","0.565744","0.741728",166,"line4477_human"
"type07_170",3,"mixed_code_003.py",3,"hwc_mixed_003_03","HWC",0,1,128,167,39,0,"1.179980","0.823064","0.971199",166,"line4477_human"
"type07_170",3,"mixed_code_003.py",4,"agc_mixed_003_04","AGC",1,0,0,128,128,0,"2.022103","0.187922","0.379998",162,"line2149_lm"
"type07_170",3,"mixed_code_003.py",4,"agc_mixed_003_04","AGC",1,1,128,163,35,0,"1.580710","0.571579","0.903500",162,"line2149_lm"
"type07_170",3,"mixed_code_003.py",5,"hwc_mixed_003_05","HWC",0,0,0,128,128,0,"1.179401","0.748234","0.882468",161,"line6103_human"
"type07_170",3,"mixed_code_003.py",5,"hwc_mixed_003_05","HWC",0,1,128,162,34,0,"1.107513","1.698216","1.880797",161,"line6103_human"
"type07_170",3,"mixed_code_003.py",6,"agc_mixed_003_06","AGC",1,0,0,128,128,0,"1.397987","0.503278","0.703576",166,"line8565_lm"
"type07_170",3,"mixed_code_003.py",6,"agc_mixed_003_06","AGC",1,1,128,166,38,0,"1.122497","1.207099","1.354964",166,"line8565_lm"
"type07_170",4,"mixed_code_004.py",1,"hwc_mixed_004_01","HWC",0,0,0,128,128,0,"1.584713","0.351414","0.556890",162,"line4488_human"
"type07_170",4,"mixed_code_004.py",1,"hwc_mixed_004_01","HWC",0,1,128,163,35,0,"1.168507","1.402868","1.639262",162,"line4488_human"
"type07_170",4,"mixed_code_004.py",2,"agc_mixed_004_02","AGC",1,0,0,128,128,0,"1.258614","0.747238","0.940484",161,"line7406_lm"
"type07_170",4,"mixed_code_004.py",2,"agc_mixed_004_02","AGC",1,1,128,162,34,0,"1.081307","1.831208","1.980098",161,"line7406_lm"
"type07_170",4,"mixed_code_004.py",3,"agc_mixed_004_03","AGC",1,0,0,128,128,0,"1.549796","0.309151","0.479121",162,"line7712_lm"
"type07_170",4,"mixed_code_004.py",3,"agc_mixed_004_03","AGC",1,1,128,163,35,0,"1.213285","0.634842","0.770244",162,"line7712_lm"
"type07_170",4,"mixed_code_004.py",4,"hwc_mixed_004_04","HWC",0,0,0,128,128,0,"1.437634","0.471949","0.678489",165,"line8991_human"
"type07_170",4,"mixed_code_004.py",4,"hwc_mixed_004_04","HWC",0,1,128,166,38,0,"1.153061","1.140522","1.315092",165,"line8991_human"
"type07_170",4,"mixed_code_004.py",5,"hwc_mixed_004_05","HWC",0,0,0,128,128,0,"1.252934","0.738953","0.925859",166,"line2630_human"
"type07_170",4,"mixed_code_004.py",5,"hwc_mixed_004_05","HWC",0,1,128,167,39,0,"0.993449","1.665300","1.654391",166,"line2630_human"
"type07_170",4,"mixed_code_004.py",6,"agc_mixed_004_06","AGC",1,0,0,128,128,0,"1.276967","0.413709","0.528292",162,"line7681_lm"
"type07_170",4,"mixed_code_004.py",6,"agc_mixed_004_06","AGC",1,1,128,162,34,0,"1.069328","1.296013","1.385863",162,"line7681_lm"
"type07_170",5,"mixed_code_005.py",1,"hwc_mixed_005_01","HWC",0,0,0,128,128,0,"1.554660","0.325092","0.505407",164,"line6206_human"
"type07_170",5,"mixed_code_005.py",1,"hwc_mixed_005_01","HWC",0,1,128,165,37,0,"1.100061","1.535648","1.689307",164,"line6206_human"
"type07_170",5,"mixed_code_005.py",2,"hwc_mixed_005_02","HWC",0,0,0,128,128,0,"1.166526","0.915874","1.068391",162,"line5428_human"
"type07_170",5,"mixed_code_005.py",2,"hwc_mixed_005_02","HWC",0,1,128,163,35,0,"1.067086","1.869505","1.994923",162,"line5428_human"
"type07_170",5,"mixed_code_005.py",3,"agc_mixed_005_03","AGC",1,0,0,128,128,0,"1.485300","0.421303","0.625761",168,"line6271_lm"
"type07_170",5,"mixed_code_005.py",3,"agc_mixed_005_03","AGC",1,1,128,169,41,0,"1.115919","1.006539","1.123216",168,"line6271_lm"
"type07_170",5,"mixed_code_005.py",4,"agc_mixed_005_04","AGC",1,0,0,128,128,0,"1.762270","0.222436","0.391992",169,"line1719_lm"
"type07_170",5,"mixed_code_005.py",4,"agc_mixed_005_04","AGC",1,1,128,170,42,0,"1.244570","0.559493","0.696328",169,"line1719_lm"
"type07_170",5,"mixed_code_005.py",5,"agc_mixed_005_05","AGC",1,0,0,128,128,0,"1.760774","0.348926","0.614380",166,"line7590_lm"
"type07_170",5,"mixed_code_005.py",5,"agc_mixed_005_05","AGC",1,1,128,167,39,0,"1.319232","0.753338","0.993828",166,"line7590_lm"
"type07_170",5,"mixed_code_005.py",6,"hwc_mixed_005_06","HWC",0,0,0,128,128,0,"1.279433","0.620727","0.794179",168,"line1315_human"
"type07_170",5,"mixed_code_005.py",6,"hwc_mixed_005_06","HWC",0,1,128,168,40,0,"1.167984","1.561120","1.823363",168,"line1315_human"
"type08_180",1,"mixed_code_001.py",1,"hwc_mixed_001_01","HWC",0,0,0,128,128,0,"1.378581","0.598266","0.824759",180,"line4363_human"
"type08_180",1,"mixed_code_001.py",1,"hwc_mixed_001_01","HWC",0,1,128,181,53,0,"1.150266","1.538064","1.769183",180,"line4363_human"
"type08_180",1,"mixed_code_001.py",2,"agc_mixed_001_02","AGC",1,0,0,128,128,0,"1.557368","0.320659","0.499383",176,"line8302_lm"
"type08_180",1,"mixed_code_001.py",2,"agc_mixed_001_02","AGC",1,1,128,177,49,0,"1.262963","0.576967","0.728689",176,"line8302_lm"
"type08_180",1,"mixed_code_001.py",3,"hwc_mixed_001_03","HWC",0,0,0,128,128,0,"1.392775","0.526358","0.733099",171,"line4881_human"
"type08_180",1,"mixed_code_001.py",3,"hwc_mixed_001_03","HWC",0,1,128,172,44,0,"1.154331","1.260943","1.455546",171,"line4881_human"
"type08_180",1,"mixed_code_001.py",4,"hwc_mixed_001_04","HWC",0,0,0,128,128,0,"1.212274","0.760762","0.922253",172,"line1725_human"
"type08_180",1,"mixed_code_001.py",4,"hwc_mixed_001_04","HWC",0,1,128,173,45,0,"1.073705","1.405699","1.509306",172,"line1725_human"
"type08_180",1,"mixed_code_001.py",5,"agc_mixed_001_05","AGC",1,0,0,128,128,0,"1.705867","0.326263","0.556561",172,"line8372_lm"
"type08_180",1,"mixed_code_001.py",5,"agc_mixed_001_05","AGC",1,1,128,173,45,0,"1.169429","1.181630","1.381833",172,"line8372_lm"
"type08_180",1,"mixed_code_001.py",6,"agc_mixed_001_06","AGC",1,0,0,128,128,0,"1.455610","0.477172","0.694577",173,"line4430_lm"
"type08_180",1,"mixed_code_001.py",6,"agc_mixed_001_06","AGC",1,1,128,173,45,0,"1.091324","1.563958","1.706784",173,"line4430_lm"
"type08_180",2,"mixed_code_002.py",1,"agc_mixed_002_01","AGC",1,0,0,128,128,0,"1.520565","0.394627","0.600056",179,"line8020_lm"
"type08_180",2,"mixed_code_002.py",1,"agc_mixed_002_01","AGC",1,1,128,180,52,0,"1.283110","0.788468","1.011691",179,"line8020_lm"
"type08_180",2,"mixed_code_002.py",2,"agc_mixed_002_02","AGC",1,0,0,128,128,0,"1.968422","0.291576","0.573944",178,"line1364_lm"
"type08_180",2,"mixed_code_002.py",2,"agc_mixed_002_02","AGC",1,1,128,179,51,0,"1.296217","0.920043","1.192575",178,"line1364_lm"
"type08_180",2,"mixed_code_002.py",3,"hwc_mixed_002_03","HWC",0,0,0,128,128,0,"1.237760","0.607551","0.752002",176,"line5889_human"
"type08_180",2,"mixed_code_002.py",3,"hwc_mixed_002_03","HWC",0,1,128,177,49,0,"1.202080","1.125940","1.353471",176,"line5889_human"
"type08_180",2,"mixed_code_002.py",4,"agc_mixed_002_04","AGC",1,0,0,128,128,0,"1.703007","0.337200","0.574254",177,"line1956_lm"
"type08_180",2,"mixed_code_002.py",4,"agc_mixed_002_04","AGC",1,1,128,178,50,0,"1.192642","1.083921","1.292731",177,"line1956_lm"
"type08_180",2,"mixed_code_002.py",5,"hwc_mixed_002_05","HWC",0,0,0,128,128,0,"1.296166","0.563770","0.730740",176,"line8379_human"
"type08_180",2,"mixed_code_002.py",5,"hwc_mixed_002_05","HWC",0,1,128,177,49,0,"1.327042","0.709286","0.941253",176,"line8379_human"
"type08_180",2,"mixed_code_002.py",6,"hwc_mixed_002_06","HWC",0,0,0,128,128,0,"1.129954","0.924109","1.044201",175,"line3896_human"
"type08_180",2,"mixed_code_002.py",6,"hwc_mixed_002_06","HWC",0,1,128,175,47,0,"1.089328","1.499221","1.633143",175,"line3896_human"
"type08_180",3,"mixed_code_003.py",1,"hwc_mixed_003_01","HWC",0,0,0,128,128,0,"1.371967","0.442566","0.607186",174,"line4100_human"
"type08_180",3,"mixed_code_003.py",1,"hwc_mixed_003_01","HWC",0,1,128,175,47,0,"1.061233","1.354482","1.437422",174,"line4100_human"
"type08_180",3,"mixed_code_003.py",2,"agc_mixed_003_02","AGC",1,0,0,128,128,0,"1.269633","0.570171","0.723908",180,"line3105_lm"
"type08_180",3,"mixed_code_003.py",2,"agc_mixed_003_02","AGC",1,1,128,181,53,0,"1.045505","0.955673","0.999161",180,"line3105_lm"
"type08_180",3,"mixed_code_003.py",3,"hwc_mixed_003_03","HWC",0,0,0,128,128,0,"1.195231","0.685684","0.819551",172,"line7106_human"
"type08_180",3,"mixed_code_003.py",3,"hwc_mixed_003_03","HWC",0,1,128,173,45,0,"1.223318","0.808948","0.989601",172,"line7106_human"
"type08_180",3,"mixed_code_003.py",4,"agc_mixed_003_04","AGC",1,0,0,128,128,0,"1.559888","0.399201","0.622709",177,"line4947_lm"
"type08_180",3,"mixed_code_003.py",4,"agc_mixed_003_04","AGC",1,1,128,178,50,0,"1.005030","1.622652","1.630813",177,"line4947_lm"
"type08_180",3,"mixed_code_003.py",5,"agc_mixed_003_05","AGC",1,0,0,128,128,0,"1.394209","0.343292","0.478621",179,"line690_lm"
"type08_180",3,"mixed_code_003.py",5,"agc_mixed_003_05","AGC",1,1,128,180,52,0,"1.001460","0.991671","0.993119",179,"line690_lm"
"type08_180",3,"mixed_code_003.py",6,"hwc_mixed_003_06","HWC",0,0,0,128,128,0,"1.187547","0.703153","0.835027",178,"line3131_human"
"type08_180",3,"mixed_code_003.py",6,"hwc_mixed_003_06","HWC",0,1,128,178,50,0,"1.182675","0.890672","1.053375",178,"line3131_human"
"type08_180",4,"mixed_code_004.py",1,"agc_mixed_004_01","AGC",1,0,0,128,128,0,"2.183290","0.104902","0.229031",175,"line6194_lm"
"type08_180",4,"mixed_code_004.py",1,"agc_mixed_004_01","AGC",1,1,128,176,48,0,"1.372028","0.271034","0.371866",175,"line6194_lm"
"type08_180",4,"mixed_code_004.py",2,"agc_mixed_004_02","AGC",1,0,0,128,128,0,"1.648587","0.309019","0.509444",176,"line7190_lm"
"type08_180",4,"mixed_code_004.py",2,"agc_mixed_004_02","AGC",1,1,128,177,49,0,"1.368148","0.743949","1.017832",176,"line7190_lm"
"type08_180",4,"mixed_code_004.py",3,"hwc_mixed_004_03","HWC",0,0,0,128,128,0,"1.227925","0.761639","0.935236",178,"line320_human"
"type08_180",4,"mixed_code_004.py",3,"hwc_mixed_004_03","HWC",0,1,128,179,51,0,"1.179504","0.855326","1.008860",178,"line320_human"
"type08_180",4,"mixed_code_004.py",4,"agc_mixed_004_04","AGC",1,0,0,128,128,0,"2.006650","0.123687","0.248197",173,"line8903_lm"
"type08_180",4,"mixed_code_004.py",4,"agc_mixed_004_04","AGC",1,1,128,174,46,0,"1.244443","0.519754","0.646805",173,"line8903_lm"
"type08_180",4,"mixed_code_004.py",5,"hwc_mixed_004_05","HWC",0,0,0,128,128,0,"1.176493","0.632998","0.744718",171,"line1380_human"
"type08_180",4,"mixed_code_004.py",5,"hwc_mixed_004_05","HWC",0,1,128,172,44,0,"1.211414","0.852717","1.032993",171,"line1380_human"
"type08_180",4,"mixed_code_004.py",6,"hwc_mixed_004_06","HWC",0,0,0,128,128,0,"1.232809","0.687025","0.846970",179,"line1741_human"
"type08_180",4,"mixed_code_004.py",6,"hwc_mixed_004_06","HWC",0,1,128,179,51,0,"1.157366","1.128177","1.305713",179,"line1741_human"
"type08_180",5,"mixed_code_005.py",1,"hwc_mixed_005_01","HWC",0,0,0,128,128,0,"1.214261","0.686698","0.833831",173,"line3116_human"
"type08_180",5,"mixed_code_005.py",1,"hwc_mixed_005_01","HWC",0,1,128,174,46,0,"1.078623","1.256782","1.355594",173,"line3116_human"
"type08_180",5,"mixed_code_005.py",2,"hwc_mixed_005_02","HWC",0,0,0,128,128,0,"1.246141","0.690184","0.860067",171,"line6179_human"
"type08_180",5,"mixed_code_005.py",2,"hwc_mixed_005_02","HWC",0,1,128,172,44,0,"1.045995","1.843455","1.928244",171,"line6179_human"
"type08_180",5,"mixed_code_005.py",3,"agc_mixed_005_03","AGC",1,0,0,128,128,0,"1.531813","0.412033","0.631157",173,"line8858_lm"
"type08_180",5,"mixed_code_005.py",3,"agc_mixed_005_03","AGC",1,1,128,174,46,0,"1.252478","0.866274","1.084989",173,"line8858_lm"
"type08_180",5,"mixed_code_005.py",4,"agc_mixed_005_04","AGC",1,0,0,128,128,0,"2.001488","0.202027","0.404354",175,"line4493_lm"
"type08_180",5,"mixed_code_005.py",4,"agc_mixed_005_04","AGC",1,1,128,176,48,0,"1.317408","0.726827","0.957528",175,"line4493_lm"
"type08_180",5,"mixed_code_005.py",5,"hwc_mixed_005_05","HWC",0,0,0,128,128,0,"1.399975","0.488602","0.684031",176,"line7930_human"
"type08_180",5,"mixed_code_005.py",5,"hwc_mixed_005_05","HWC",0,1,128,177,49,0,"1.239843","0.900974","1.117067",176,"line7930_human"
"type08_180",5,"mixed_code_005.py",6,"agc_mixed_005_06","AGC",1,0,0,128,128,0,"1.415058","0.339985","0.481098",176,"line5452_lm"
"type08_180",5,"mixed_code_005.py",6,"agc_mixed_005_06","AGC",1,1,128,176,48,0,"1.101833","0.612432","0.674797",176,"line5452_lm"
"type09_190",1,"mixed_code_001.py",1,"agc_mixed_001_01","AGC",1,0,0,128,128,0,"1.754143","0.266952","0.468273",182,"line4394_lm"
"type09_190",1,"mixed_code_001.py",1,"agc_mixed_001_01","AGC",1,1,128,183,55,0,"1.135871","1.192806","1.354874",182,"line4394_lm"
"type09_190",1,"mixed_code_001.py",2,"agc_mixed_001_02","AGC",1,0,0,128,128,0,"1.732496","0.106918","0.185235",181,"line711_lm"
"type09_190",1,"mixed_code_001.py",2,"agc_mixed_001_02","AGC",1,1,128,182,54,0,"1.217021","0.320465","0.390012",181,"line711_lm"
"type09_190",1,"mixed_code_001.py",3,"hwc_mixed_001_03","HWC",0,0,0,128,128,0,"1.180671","0.883843","1.043528",183,"line6920_human"
"type09_190",1,"mixed_code_001.py",3,"hwc_mixed_001_03","HWC",0,1,128,184,56,0,"1.129079","1.556369","1.757263",183,"line6920_human"
"type09_190",1,"mixed_code_001.py",4,"hwc_mixed_001_04","HWC",0,0,0,128,128,0,"1.210036","0.644325","0.779656",189,"line1681_human"
"type09_190",1,"mixed_code_001.py",4,"hwc_mixed_001_04","HWC",0,1,128,190,62,0,"0.966656","2.165984","2.093760",189,"line1681_human"
"type09_190",1,"mixed_code_001.py",5,"hwc_mixed_001_05","HWC",0,0,0,128,128,0,"1.221935","0.743012","0.907913",187,"line8137_human"
"type09_190",1,"mixed_code_001.py",5,"hwc_mixed_001_05","HWC",0,1,128,188,60,0,"1.081913","1.563402","1.691464",187,"line8137_human"
"type09_190",1,"mixed_code_001.py",6,"agc_mixed_001_06","AGC",1,0,0,128,128,0,"2.002561","0.333128","0.667109",181,"line3850_lm"
"type09_190",1,"mixed_code_001.py",6,"agc_mixed_001_06","AGC",1,1,128,181,53,0,"1.196784","0.836328","1.000905",181,"line3850_lm"
"type09_190",2,"mixed_code_002.py",1,"agc_mixed_002_01","AGC",1,0,0,128,128,0,"1.543810","0.352764","0.544600",190,"line3539_lm"
"type09_190",2,"mixed_code_002.py",1,"agc_mixed_002_01","AGC",1,1,128,191,63,0,"1.264072","0.573861","0.725402",190,"line3539_lm"
"type09_190",2,"mixed_code_002.py",2,"agc_mixed_002_02","AGC",1,0,0,128,128,0,"2.102894","0.113397","0.238461",184,"line3366_lm"
"type09_190",2,"mixed_code_002.py",2,"agc_mixed_002_02","AGC",1,1,128,185,57,0,"1.324024","0.171791","0.227456",184,"line3366_lm"
"type09_190",2,"mixed_code_002.py",3,"agc_mixed_002_03","AGC",1,0,0,128,128,0,"1.570354","0.314848","0.494423",184,"line6222_lm"
"type09_190",2,"mixed_code_002.py",3,"agc_mixed_002_03","AGC",1,1,128,185,57,0,"1.161041","0.730950","0.848663",184,"line6222_lm"
"type09_190",2,"mixed_code_002.py",4,"hwc_mixed_002_04","HWC",0,0,0,128,128,0,"1.433073","0.437467","0.626922",184,"line3117_human"
"type09_190",2,"mixed_code_002.py",4,"hwc_mixed_002_04","HWC",0,1,128,185,57,0,"1.049171","0.761814","0.799273",184,"line3117_human"
"type09_190",2,"mixed_code_002.py",5,"hwc_mixed_002_05","HWC",0,0,0,128,128,0,"1.196564","0.821008","0.982389",181,"line359_human"
"type09_190",2,"mixed_code_002.py",5,"hwc_mixed_002_05","HWC",0,1,128,182,54,0,"1.046395","1.762520","1.844293",181,"line359_human"
"type09_190",2,"mixed_code_002.py",6,"hwc_mixed_002_06","HWC",0,0,0,128,128,0,"1.342346","0.550559","0.739041",182,"line6026_human"
"type09_190",2,"mixed_code_002.py",6,"hwc_mixed_002_06","HWC",0,1,128,182,54,0,"1.222431","0.995577","1.217024",182,"line6026_human"
"type09_190",3,"mixed_code_003.py",1,"hwc_mixed_003_01","HWC",0,0,0,128,128,0,"1.668284","0.368842","0.615333",190,"line827_human"
"type09_190",3,"mixed_code_003.py",1,"hwc_mixed_003_01","HWC",0,1,128,191,63,0,"1.234938","1.031509","1.273850",190,"line827_human"
"type09_190",3,"mixed_code_003.py",2,"hwc_mixed_003_02","HWC",0,0,0,128,128,0,"1.315897","0.630270","0.829371",186,"line4550_human"
"type09_190",3,"mixed_code_003.py",2,"hwc_mixed_003_02","HWC",0,1,128,187,59,0,"1.203701","0.724987","0.872667",186,"line4550_human"
"type09_190",3,"mixed_code_003.py",3,"agc_mixed_003_03","AGC",1,0,0,128,128,0,"1.723336","0.331371","0.571063",187,"line3813_lm"
"type09_190",3,"mixed_code_003.py",3,"agc_mixed_003_03","AGC",1,1,128,188,60,0,"1.237813","0.882615","1.092513",187,"line3813_lm"
"type09_190",3,"mixed_code_003.py",4,"agc_mixed_003_04","AGC",1,0,0,128,128,0,"1.252665","0.741786","0.929209",189,"line8296_lm"
"type09_190",3,"mixed_code_003.py",4,"agc_mixed_003_04","AGC",1,1,128,190,62,0,"1.050827","1.221550","1.283638",189,"line8296_lm"
"type09_190",3,"mixed_code_003.py",5,"hwc_mixed_003_05","HWC",0,0,0,128,128,0,"1.215354","0.611462","0.743143",184,"line4407_human"
"type09_190",3,"mixed_code_003.py",5,"hwc_mixed_003_05","HWC",0,1,128,185,57,0,"1.058682","1.170871","1.239580",184,"line4407_human"
"type09_190",3,"mixed_code_003.py",6,"agc_mixed_003_06","AGC",1,0,0,128,128,0,"1.931266","0.169702","0.327739",185,"line3993_lm"
"type09_190",3,"mixed_code_003.py",6,"agc_mixed_003_06","AGC",1,1,128,185,57,0,"1.311518","0.403289","0.528920",185,"line3993_lm"
"type09_190",4,"mixed_code_004.py",1,"agc_mixed_004_01","AGC",1,0,0,128,128,0,"1.583052","0.361104","0.571647",188,"line2515_lm"
"type09_190",4,"mixed_code_004.py",1,"agc_mixed_004_01","AGC",1,1,128,189,61,0,"1.047395","1.372669","1.437726",188,"line2515_lm"
"type09_190",4,"mixed_code_004.py",2,"hwc_mixed_004_02","HWC",0,0,0,128,128,0,"1.241965","0.824551","1.024063",184,"line4873_human"
"type09_190",4,"mixed_code_004.py",2,"hwc_mixed_004_02","HWC",0,1,128,185,57,0,"1.115779","1.102703","1.230373",184,"line4873_human"
"type09_190",4,"mixed_code_004.py",3,"agc_mixed_004_03","AGC",1,0,0,128,128,0,"2.021130","0.178197","0.360158",189,"line2586_lm"
"type09_190",4,"mixed_code_004.py",3,"agc_mixed_004_03","AGC",1,1,128,190,62,0,"1.567645","0.169261","0.265341",189,"line2586_lm"
"type09_190",4,"mixed_code_004.py",4,"agc_mixed_004_04","AGC",1,0,0,128,128,0,"1.567970","0.396188","0.621211",188,"line3861_lm"
"type09_190",4,"mixed_code_004.py",4,"agc_mixed_004_04","AGC",1,1,128,189,61,0,"1.140926","0.898124","1.024693",188,"line3861_lm"
"type09_190",4,"mixed_code_004.py",5,"hwc_mixed_004_05","HWC",0,0,0,128,128,0,"1.365530","0.526208","0.718553",190,"line3850_human"
"type09_190",4,"mixed_code_004.py",5,"hwc_mixed_004_05","HWC",0,1,128,191,63,0,"1.232251","0.839348","1.034288",190,"line3850_human"
"type09_190",4,"mixed_code_004.py",6,"hwc_mixed_004_06","HWC",0,0,0,128,128,0,"1.483417","0.347507","0.515498",182,"line5373_human"
"type09_190",4,"mixed_code_004.py",6,"hwc_mixed_004_06","HWC",0,1,128,182,54,0,"1.425543","0.518934","0.739763",182,"line5373_human"
"type09_190",5,"mixed_code_005.py",1,"hwc_mixed_005_01","HWC",0,0,0,128,128,0,"1.342347","0.305038","0.409466",182,"line2578_human"
"type09_190",5,"mixed_code_005.py",1,"hwc_mixed_005_01","HWC",0,1,128,183,55,0,"1.163745","0.675294","0.785870",182,"line2578_human"
"type09_190",5,"mixed_code_005.py",2,"agc_mixed_005_02","AGC",1,0,0,128,128,0,"2.165102","0.106387","0.230338",186,"line6513_lm"
"type09_190",5,"mixed_code_005.py",2,"agc_mixed_005_02","AGC",1,1,128,187,59,0,"1.550377","0.176098","0.273018",186,"line6513_lm"
"type09_190",5,"mixed_code_005.py",3,"hwc_mixed_005_03","HWC",0,0,0,128,128,0,"1.319766","0.691402","0.912489",186,"line6525_human"
"type09_190",5,"mixed_code_005.py",3,"hwc_mixed_005_03","HWC",0,1,128,187,59,0,"1.052852","1.199296","1.262681",186,"line6525_human"
"type09_190",5,"mixed_code_005.py",4,"agc_mixed_005_04","AGC",1,0,0,128,128,0,"2.610053","0.102914","0.268611",186,"line4729_lm"
"type09_190",5,"mixed_code_005.py",4,"agc_mixed_005_04","AGC",1,1,128,187,59,0,"1.467838","0.223410","0.327929",186,"line4729_lm"
"type09_190",5,"mixed_code_005.py",5,"hwc_mixed_005_05","HWC",0,0,0,128,128,0,"1.255403","0.595009","0.746977",189,"line1555_human"
"type09_190",5,"mixed_code_005.py",5,"hwc_mixed_005_05","HWC",0,1,128,190,62,0,"1.049236","1.017590","1.067692",189,"line1555_human"
"type09_190",5,"mixed_code_005.py",6,"agc_mixed_005_06","AGC",1,0,0,128,128,0,"1.632329","0.407610","0.665354",189,"line1996_lm"
"type09_190",5,"mixed_code_005.py",6,"agc_mixed_005_06","AGC",1,1,128,189,61,0,"1.304207","0.659711","0.860400",189,"line1996_lm"
"type10_200",1,"mixed_code_001.py",1,"agc_mixed_001_01","AGC",1,0,0,128,128,0,"1.305465","0.503643","0.657489",193,"line7748_lm"
"type10_200",1,"mixed_code_001.py",1,"agc_mixed_001_01","AGC",1,1,128,194,66,0,"1.311491","0.562499","0.737713",193,"line7748_lm"
"type10_200",1,"mixed_code_001.py",2,"agc_mixed_001_02","AGC",1,0,0,128,128,0,"1.564153","0.452316","0.707492",199,"line2362_lm"
"type10_200",1,"mixed_code_001.py",2,"agc_mixed_001_02","AGC",1,1,128,200,72,0,"1.292195","0.704673","0.910575",199,"line2362_lm"
"type10_200",1,"mixed_code_001.py",3,"hwc_mixed_001_03","HWC",0,0,0,128,128,0,"1.365433","0.438824","0.599184",195,"line5159_human"
"type10_200",1,"mixed_code_001.py",3,"hwc_mixed_001_03","HWC",0,1,128,196,68,0,"0.954723","1.661074","1.585866",195,"line5159_human"
"type10_200",1,"mixed_code_001.py",4,"hwc_mixed_001_04","HWC",0,0,0,128,128,0,"1.434930","0.338405","0.485588",193,"line5419_human"
"type10_200",1,"mixed_code_001.py",4,"hwc_mixed_001_04","HWC",0,1,128,194,66,0,"1.355030","0.508088","0.688475",193,"line5419_human"
"type10_200",1,"mixed_code_001.py",5,"agc_mixed_001_05","AGC",1,0,0,128,128,0,"1.644372","0.349226","0.574258",191,"line7631_lm"
"type10_200",1,"mixed_code_001.py",5,"agc_mixed_001_05","AGC",1,1,128,192,64,0,"1.348223","0.655999","0.884433",191,"line7631_lm"
"type10_200",1,"mixed_code_001.py",6,"hwc_mixed_001_06","HWC",0,0,0,128,128,0,"1.417163","0.409356","0.580124",195,"line7709_human"
"type10_200",1,"mixed_code_001.py",6,"hwc_mixed_001_06","HWC",0,1,128,195,67,0,"1.288970","0.578944","0.746241",195,"line7709_human"
"type10_200",2,"mixed_code_002.py",1,"hwc_mixed_002_01","HWC",0,0,0,128,128,0,"1.440176","0.398532","0.573957",197,"line6137_human"
"type10_200",2,"mixed_code_002.py",1,"hwc_mixed_002_01","HWC",0,1,128,198,70,0,"1.340440","0.907463","1.216399",197,"line6137_human"
"type10_200",2,"mixed_code_002.py",2,"agc_mixed_002_02","AGC",1,0,0,128,128,0,"1.360055","0.188142","0.255883",191,"line8315_lm"
"type10_200",2,"mixed_code_002.py",2,"agc_mixed_002_02","AGC",1,1,128,192,64,0,"1.165333","0.314483","0.366478",191,"line8315_lm"
"type10_200",2,"mixed_code_002.py",3,"agc_mixed_002_03","AGC",1,0,0,128,128,0,"1.476336","0.373435","0.551316",193,"line8175_lm"
"type10_200",2,"mixed_code_002.py",3,"agc_mixed_002_03","AGC",1,1,128,194,66,0,"1.343349","0.865599","1.162802",193,"line8175_lm"
"type10_200",2,"mixed_code_002.py",4,"hwc_mixed_002_04","HWC",0,0,0,128,128,0,"1.054249","1.013873","1.068874",199,"line3937_human"
"type10_200",2,"mixed_code_002.py",4,"hwc_mixed_002_04","HWC",0,1,128,200,72,0,"1.056666","1.137299","1.201745",199,"line3937_human"
"type10_200",2,"mixed_code_002.py",5,"agc_mixed_002_05","AGC",1,0,0,128,128,0,"1.335988","0.649200","0.867324",198,"line8150_lm"
"type10_200",2,"mixed_code_002.py",5,"agc_mixed_002_05","AGC",1,1,128,199,71,0,"1.048188","1.313693","1.376998",198,"line8150_lm"
"type10_200",2,"mixed_code_002.py",6,"hwc_mixed_002_06","HWC",0,0,0,128,128,0,"1.295733","0.680519","0.881770",196,"line4839_human"
"type10_200",2,"mixed_code_002.py",6,"hwc_mixed_002_06","HWC",0,1,128,196,68,0,"1.268639","0.948228","1.202959",196,"line4839_human"
"type10_200",3,"mixed_code_003.py",1,"agc_mixed_003_01","AGC",1,0,0,128,128,0,"1.205519","0.404744","0.487926",199,"line7911_lm"
"type10_200",3,"mixed_code_003.py",1,"agc_mixed_003_01","AGC",1,1,128,200,72,0,"0.904461","1.106527","1.000811",199,"line7911_lm"
"type10_200",3,"mixed_code_003.py",2,"agc_mixed_003_02","AGC",1,0,0,128,128,0,"2.056028","0.235011","0.483189",194,"line8298_lm"
"type10_200",3,"mixed_code_003.py",2,"agc_mixed_003_02","AGC",1,1,128,195,67,0,"1.322437","0.505973","0.669117",194,"line8298_lm"
"type10_200",3,"mixed_code_003.py",3,"hwc_mixed_003_03","HWC",0,0,0,128,128,0,"1.253621","0.478980","0.600459",196,"line1041_human"
"type10_200",3,"mixed_code_003.py",3,"hwc_mixed_003_03","HWC",0,1,128,197,69,0,"1.116997","0.933139","1.042313",196,"line1041_human"
"type10_200",3,"mixed_code_003.py",4,"agc_mixed_003_04","AGC",1,0,0,128,128,0,"1.416004","0.477522","0.676174",198,"line3593_lm"
"type10_200",3,"mixed_code_003.py",4,"agc_mixed_003_04","AGC",1,1,128,199,71,0,"1.351399","0.419626","0.567082",198,"line3593_lm"
"type10_200",3,"mixed_code_003.py",5,"hwc_mixed_003_05","HWC",0,0,0,128,128,0,"1.190532","0.701762","0.835470",195,"line6476_human"
"type10_200",3,"mixed_code_003.py",5,"hwc_mixed_003_05","HWC",0,1,128,196,68,0,"1.056562","1.150147","1.215202",195,"line6476_human"
"type10_200",3,"mixed_code_003.py",6,"hwc_mixed_003_06","HWC",0,0,0,128,128,0,"1.162669","0.791256","0.919969",197,"line1799_human"
"type10_200",3,"mixed_code_003.py",6,"hwc_mixed_003_06","HWC",0,1,128,197,69,0,"1.129688","1.153986","1.303645",197,"line1799_human"
"type10_200",4,"mixed_code_004.py",1,"agc_mixed_004_01","AGC",1,0,0,128,128,0,"1.385033","0.421003","0.583102",194,"line7930_lm"
"type10_200",4,"mixed_code_004.py",1,"agc_mixed_004_01","AGC",1,1,128,195,67,0,"1.172144","0.860554","1.008694",194,"line7930_lm"
"type10_200",4,"mixed_code_004.py",2,"hwc_mixed_004_02","HWC",0,0,0,128,128,0,"1.424138","0.477645","0.680232",193,"line2198_human"
"type10_200",4,"mixed_code_004.py",2,"hwc_mixed_004_02","HWC",0,1,128,194,66,0,"1.270466","0.645906","0.820602",193,"line2198_human"
"type10_200",4,"mixed_code_004.py",3,"hwc_mixed_004_03","HWC",0,0,0,128,128,0,"1.090319","1.140695","1.243722",195,"line54_human"
"type10_200",4,"mixed_code_004.py",3,"hwc_mixed_004_03","HWC",0,1,128,196,68,0,"1.152526","1.162375","1.339667",195,"line54_human"
"type10_200",4,"mixed_code_004.py",4,"agc_mixed_004_04","AGC",1,0,0,128,128,0,"1.606636","0.296596","0.476521",194,"line5373_lm"
"type10_200",4,"mixed_code_004.py",4,"agc_mixed_004_04","AGC",1,1,128,195,67,0,"1.382829","0.551689","0.762891",194,"line5373_lm"
"type10_200",4,"mixed_code_004.py",5,"agc_mixed_004_05","AGC",1,0,0,128,128,0,"1.344998","0.269695","0.362739",198,"line7996_lm"
"type10_200",4,"mixed_code_004.py",5,"agc_mixed_004_05","AGC",1,1,128,199,71,0,"1.257518","0.364386","0.458221",198,"line7996_lm"
"type10_200",4,"mixed_code_004.py",6,"hwc_mixed_004_06","HWC",0,0,0,128,128,0,"1.503822","0.330356","0.496796",194,"line6833_human"
"type10_200",4,"mixed_code_004.py",6,"hwc_mixed_004_06","HWC",0,1,128,194,66,0,"1.378615","0.620582","0.855543",194,"line6833_human"
"type10_200",5,"mixed_code_005.py",1,"agc_mixed_005_01","AGC",1,0,0,128,128,0,"1.256200","0.529872","0.665626",197,"line3076_lm"
"type10_200",5,"mixed_code_005.py",1,"agc_mixed_005_01","AGC",1,1,128,198,70,0,"1.087874","1.206275","1.312274",197,"line3076_lm"
"type10_200",5,"mixed_code_005.py",2,"hwc_mixed_005_02","HWC",0,0,0,128,128,0,"1.280193","0.647794","0.829301",197,"line3161_human"
"type10_200",5,"mixed_code_005.py",2,"hwc_mixed_005_02","HWC",0,1,128,198,70,0,"1.197646","0.741423","0.887962",197,"line3161_human"
"type10_200",5,"mixed_code_005.py",3,"hwc_mixed_005_03","HWC",0,0,0,128,128,0,"1.246900","0.448512","0.559250",192,"line8916_human"
"type10_200",5,"mixed_code_005.py",3,"hwc_mixed_005_03","HWC",0,1,128,193,65,0,"1.237685","0.649390","0.803740",192,"line8916_human"
"type10_200",5,"mixed_code_005.py",4,"agc_mixed_005_04","AGC",1,0,0,128,128,0,"1.658372","0.386100","0.640297",199,"line6654_lm"
"type10_200",5,"mixed_code_005.py",4,"agc_mixed_005_04","AGC",1,1,128,200,72,0,"1.172560","0.821432","0.963179",199,"line6654_lm"
"type10_200",5,"mixed_code_005.py",5,"hwc_mixed_005_05","HWC",0,0,0,128,128,0,"1.670308","0.321095","0.536327",191,"line7512_human"
"type10_200",5,"mixed_code_005.py",5,"hwc_mixed_005_05","HWC",0,1,128,192,64,0,"1.222218","0.651528","0.796309",191,"line7512_human"
"type10_200",5,"mixed_code_005.py",6,"agc_mixed_005_06","AGC",1,0,0,128,128,0,"1.276853","0.665317","0.849512",198,"line8958_lm"
"type10_200",5,"mixed_code_005.py",6,"agc_mixed_005_06","AGC",1,1,128,198,70,0,"1.115790","1.245476","1.389690",198,"line8958_lm"
