index,hwc_npr,mgc_npr,winner,hwc_logrank,mgc_logrank,hwc_perturbed_logrank,mgc_perturbed_logrank
0,1.600900,1.546006,HWC,0.793384,0.337201,1.270128,0.521315
1,1.576890,1.605646,MGC,0.516598,0.329169,0.814618,0.528529
2,1.051991,1.952589,MGC,1.398066,0.253728,1.470753,0.495426
3,1.195702,2.038766,MGC,0.774848,0.280555,0.926487,0.571986
4,1.341675,2.389036,MGC,0.544987,0.205495,0.731196,0.490935
5,1.248512,1.551925,MGC,0.853917,0.312287,1.066125,0.484646
6,1.213690,1.334478,MGC,0.739276,0.508833,0.897251,0.679026
7,1.277515,1.806685,MGC,1.000515,0.231389,1.278172,0.418048
8,1.143746,1.571810,MGC,1.143494,0.310106,1.307867,0.487428
9,1.227733,1.647069,MGC,0.718386,0.377788,0.881986,0.622243
10,1.311827,1.713486,MGC,0.393402,0.230414,0.516075,0.394811
11,1.132928,1.799266,MGC,0.782697,0.208133,0.886739,0.374486
12,1.284640,1.303717,MGC,0.454039,0.479582,0.583277,0.625239
13,1.121343,1.462696,MGC,1.057876,0.441534,1.186242,0.645830
14,1.263837,1.416920,MGC,0.620719,0.389416,0.784487,0.551771
15,1.242950,1.918064,MGC,0.754449,0.359527,0.937742,0.689596
16,1.254381,1.590309,MGC,0.496224,0.417466,0.622454,0.663900
17,1.071097,1.236953,MGC,1.610496,0.667057,1.724998,0.825118
18,1.413433,1.395547,HWC,0.440437,0.315583,0.622528,0.440411
19,1.206273,2.118693,MGC,0.918259,0.274487,1.107671,0.581555
20,1.244010,1.602703,MGC,0.517525,0.333064,0.643806,0.533803
21,1.380063,2.841109,MGC,0.429742,0.119853,0.593071,0.340517
22,1.359963,1.661295,MGC,0.617809,0.277390,0.840197,0.460827
23,1.223221,1.741134,MGC,0.788249,0.357232,0.964203,0.621988
24,1.569858,1.669486,MGC,0.335407,0.328442,0.526541,0.548329
25,1.289839,1.576335,MGC,0.587252,0.524001,0.757460,0.826001
26,1.447644,1.949124,MGC,0.655303,0.260775,0.948646,0.508282
27,1.194429,1.472711,MGC,0.747631,0.372384,0.892992,0.548415
28,1.383349,1.862205,MGC,0.586775,0.258443,0.811714,0.481274
29,1.066052,0.978732,HWC,1.200276,1.786533,1.279557,1.748537
30,1.079088,1.552385,MGC,1.121798,0.421753,1.210519,0.654724
31,1.178757,1.491585,MGC,0.706329,0.391783,0.832589,0.584377
32,1.193186,1.630721,MGC,0.872532,0.288412,1.041093,0.470319
33,1.280905,1.698269,MGC,0.604924,0.325537,0.774850,0.552850
34,1.665336,1.595402,HWC,0.231934,0.414878,0.386247,0.661897
35,1.208743,1.469896,MGC,0.909578,0.544994,1.099446,0.801085
36,1.481951,1.753729,MGC,0.280924,0.192117,0.416316,0.336922
37,1.172657,1.671092,MGC,0.883792,0.268246,1.036385,0.448263
38,1.171240,1.232810,MGC,0.958489,0.831768,1.122621,1.025412
39,1.309394,1.775534,MGC,0.680313,0.304334,0.890797,0.540355
40,1.432969,1.743236,MGC,0.531625,0.221816,0.761802,0.386678
41,1.456057,1.430310,HWC,0.261530,0.315790,0.380802,0.451678
42,1.320060,1.934796,MGC,0.506622,0.298502,0.668772,0.577540
43,1.031284,1.363885,MGC,1.507660,0.546023,1.554826,0.744713
44,1.403535,1.700469,MGC,0.440151,0.219556,0.617768,0.373348
45,1.165062,1.678711,MGC,0.809812,0.335816,0.943482,0.563738
46,1.369752,2.873873,MGC,0.407580,0.100961,0.558284,0.290148
47,1.126353,1.415459,MGC,1.094143,0.424701,1.232392,0.601147
48,1.339330,1.797925,MGC,0.483922,0.289796,0.648132,0.521031
49,1.322957,1.906227,MGC,0.462831,0.264685,0.612305,0.504550
50,1.369167,1.418528,MGC,0.517880,0.426822,0.709065,0.605459
51,1.099733,1.755476,MGC,1.211823,0.342518,1.332682,0.601281
52,1.293617,2.070649,MGC,0.626373,0.201935,0.810287,0.418137
53,1.282970,1.894297,MGC,0.451349,0.171194,0.579067,0.324293
54,1.183368,1.869777,MGC,0.796180,0.297777,0.942174,0.556778
55,1.239861,2.095799,MGC,0.809776,0.210443,1.004009,0.441047
56,1.268502,1.542552,MGC,0.642745,0.373699,0.815324,0.576451
57,1.405186,1.692597,MGC,0.519091,0.270655,0.729420,0.458110
58,1.390351,1.528425,MGC,0.293164,0.247543,0.407601,0.378351
59,1.325394,1.910672,MGC,0.485044,0.163204,0.642874,0.311830
60,1.166247,2.374345,MGC,1.177291,0.153592,1.373013,0.364680
61,1.290030,1.664787,MGC,0.638558,0.302226,0.823759,0.503142
62,1.245948,1.452409,MGC,0.664836,0.369645,0.828351,0.536876
63,1.258533,1.223753,HWC,0.464069,0.592311,0.584046,0.724842
64,1.820336,1.846065,MGC,0.224501,0.222929,0.408668,0.411542
65,1.219891,1.552674,MGC,0.843473,0.379725,1.028946,0.589589
66,1.165640,1.562214,MGC,0.815040,0.389971,0.950043,0.609218
67,1.194236,1.355117,MGC,0.831946,0.682153,0.993540,0.924397
68,1.472605,1.572232,MGC,0.388285,0.243856,0.571790,0.383399
69,1.219101,1.764077,MGC,0.684205,0.283518,0.834116,0.500147
70,1.222587,1.974075,MGC,0.857567,0.265110,1.048450,0.523346
71,1.280177,1.396432,MGC,0.503117,0.550043,0.644079,0.768098
72,1.327807,1.791753,MGC,0.466825,0.258169,0.619853,0.462576
73,1.355188,1.633025,MGC,0.535706,0.299857,0.725982,0.489674
74,1.178925,1.302258,MGC,0.757132,0.669693,0.892602,0.872113
75,1.492331,1.260134,HWC,0.424330,0.481125,0.633240,0.606282
76,1.188775,1.619568,MGC,1.116895,0.384039,1.327737,0.621978
77,1.276081,1.644466,MGC,0.689976,0.326861,0.880465,0.537512
78,1.740240,1.748013,MGC,0.298014,0.253769,0.518617,0.443592
79,1.315038,1.844772,MGC,0.551528,0.287689,0.725281,0.530720
80,1.167906,1.718174,MGC,0.822191,0.273262,0.960242,0.469511
81,1.482366,1.500499,MGC,0.385079,0.278632,0.570828,0.418086
82,1.195500,1.959227,MGC,0.700226,0.167145,0.837120,0.327475
83,1.190666,1.294719,MGC,0.635832,0.496283,0.757064,0.642547
84,0.986681,1.846703,MGC,1.952749,0.321023,1.926740,0.592834
85,1.209795,1.377077,MGC,0.737108,0.721130,0.891749,0.993052
86,1.249667,1.707366,MGC,0.556462,0.228095,0.695393,0.389441
87,1.262569,1.405427,MGC,0.763960,0.563786,0.964552,0.792359
88,1.165246,1.146195,HWC,0.731768,0.639684,0.852690,0.733203
89,1.317712,1.886926,MGC,0.531787,0.237814,0.700742,0.448737
90,1.267445,1.255977,HWC,0.525666,0.352778,0.666253,0.443080
91,1.138842,1.609645,MGC,0.938650,0.306676,1.068974,0.493640
92,1.431519,1.879438,MGC,0.356227,0.182709,0.509945,0.343390
93,1.386636,2.038209,MGC,0.563191,0.192846,0.780941,0.393061
94,1.286065,1.192081,HWC,0.619921,0.307328,0.797258,0.366360
95,1.097806,1.825072,MGC,1.159188,0.234967,1.272564,0.428833
96,1.185645,1.214141,MGC,0.881746,0.709962,1.045438,0.861994
97,1.170108,1.695709,MGC,1.442861,0.342320,1.688303,0.580475
98,1.133356,1.869147,MGC,1.356578,0.390997,1.537486,0.730832
99,1.339420,1.324514,HWC,0.465978,0.420919,0.624141,0.557513
100,1.500673,1.599206,MGC,0.308429,0.356628,0.462851,0.570322
101,1.145396,1.544441,MGC,0.864657,0.199380,0.990374,0.307931
102,1.233502,1.516476,MGC,0.763294,0.529551,0.941526,0.803052
103,1.253019,1.631600,MGC,0.389528,0.323118,0.488086,0.527200
104,1.060117,1.648580,MGC,0.950327,0.232837,1.007457,0.383851
105,1.282351,1.210645,HWC,0.559325,0.580098,0.717251,0.702292
106,1.200755,1.374090,MGC,0.546673,0.269854,0.656420,0.370804
107,1.464220,1.776736,MGC,0.383498,0.248455,0.561526,0.441439
108,1.455929,1.833513,MGC,0.443364,0.248543,0.645507,0.455707
109,1.485346,1.687259,MGC,0.532482,0.448156,0.790920,0.756155
110,1.136618,1.688721,MGC,1.184914,0.310746,1.346795,0.524763
111,1.192127,1.697512,MGC,0.873040,0.365709,1.040774,0.620795
112,1.157717,1.459132,MGC,1.031344,0.380800,1.194005,0.555638
113,1.406805,1.369878,HWC,0.432244,0.451012,0.608083,0.617831
114,1.100658,1.504215,MGC,0.910532,0.263569,1.002184,0.396465
115,1.225772,1.319031,MGC,0.638050,0.455706,0.782103,0.601090
116,1.165864,1.567494,MGC,0.702457,0.230881,0.818970,0.361904
117,1.162865,1.647748,MGC,0.928839,0.304727,1.080115,0.502113
118,1.275176,1.770950,MGC,0.685352,0.294990,0.873945,0.522413
119,1.355689,1.704896,MGC,0.365845,0.286237,0.495972,0.488004
120,1.328499,1.595432,MGC,0.648655,0.370618,0.861737,0.591297
121,1.225186,1.444215,MGC,0.441273,0.406227,0.540642,0.586679
122,1.228316,1.599458,MGC,0.576013,0.350660,0.707525,0.560866
123,1.152310,1.661088,MGC,0.915071,0.339849,1.054445,0.564519
124,1.278232,1.750345,MGC,0.662573,0.271571,0.846922,0.475344
125,1.331656,1.323086,HWC,0.528061,0.326958,0.703196,0.432593
126,1.123786,1.190518,MGC,0.878895,0.820946,0.987690,0.977351
127,1.283822,2.030151,MGC,0.544327,0.194074,0.698819,0.394000
128,1.256760,1.425407,MGC,0.708744,0.455301,0.890720,0.648989
129,1.197050,1.615117,MGC,0.686601,0.335522,0.821897,0.541907
130,1.165945,1.456697,MGC,0.782387,0.467951,0.912220,0.681663
131,1.290088,1.475532,MGC,0.628754,0.470952,0.811148,0.694905
132,1.432133,2.683583,MGC,0.432029,0.125788,0.618724,0.337563
133,1.117135,1.384614,MGC,0.937048,0.527963,1.046810,0.731024
134,1.296925,1.223046,HWC,0.762382,0.550022,0.988752,0.672702
135,1.164949,1.621177,MGC,0.834138,0.319047,0.971729,0.517231
136,1.436768,1.582395,MGC,0.441896,0.423450,0.634902,0.670065
137,1.285212,1.524755,MGC,0.706543,0.459082,0.908057,0.699987
138,1.148484,1.675997,MGC,0.945303,0.296121,1.085666,0.496298
139,1.412940,1.893199,MGC,0.414754,0.218916,0.586022,0.414452
140,1.270068,1.752902,MGC,0.494049,0.238972,0.627475,0.418894
141,1.451476,1.809924,MGC,0.486523,0.229160,0.706177,0.414762
142,1.266090,1.491480,MGC,0.808374,0.418424,1.023474,0.624070
143,1.500352,1.549730,MGC,0.368722,0.321974,0.553213,0.498973
144,1.170973,1.469934,MGC,0.542793,0.303118,0.635596,0.445563
145,1.416960,1.524349,MGC,0.366549,0.355826,0.519386,0.542402
146,1.227364,1.980607,MGC,0.720487,0.254320,0.884299,0.503709
147,1.087658,1.462159,MGC,1.388021,0.267404,1.509692,0.390988
148,1.365276,1.451088,MGC,0.504889,0.433224,0.689312,0.628646
149,1.203144,1.446384,MGC,0.881198,0.524943,1.060208,0.759270
150,1.231612,2.067033,MGC,0.811260,0.228933,0.999157,0.473212
151,1.569699,2.021880,MGC,0.429511,0.232682,0.674204,0.470456
152,1.271341,4.480858,MGC,0.582994,0.080881,0.741185,0.362416
153,1.075688,1.374455,MGC,1.016384,0.299784,1.093312,0.412039
154,1.101458,1.408898,MGC,1.151056,0.440828,1.267839,0.621081
155,1.279686,1.217955,HWC,0.787106,0.384901,1.007248,0.468793
156,1.434502,1.651289,MGC,0.581915,0.320452,0.834759,0.529159
157,1.141714,1.707225,MGC,0.764969,0.321344,0.873375,0.548606
158,1.231404,1.116606,HWC,0.597224,0.517048,0.735424,0.577339
159,1.117614,1.269785,MGC,1.435716,0.526194,1.604577,0.668153
160,1.384631,1.709131,MGC,0.577592,0.288697,0.799753,0.493421
161,1.385657,1.991591,MGC,0.376798,0.243936,0.522113,0.485821
162,1.396063,1.593020,MGC,0.535505,0.354499,0.747598,0.564724
163,1.226177,1.627317,MGC,0.515784,0.367880,0.632443,0.598658
164,1.174680,1.338619,MGC,0.789410,0.538958,0.927304,0.721460
165,1.552205,1.306719,HWC,0.329595,0.451591,0.511599,0.590102
166,1.259639,1.275790,MGC,0.629083,0.697906,0.792418,0.890381
167,1.024448,1.357110,MGC,1.002916,0.491063,1.027436,0.666426
168,1.166382,1.803576,MGC,0.554535,0.203587,0.646800,0.367185
169,1.217755,2.336916,MGC,0.685294,0.244563,0.834520,0.571524
170,1.175449,1.623637,MGC,1.091381,0.294270,1.282863,0.477787
171,1.303818,2.551355,MGC,0.569749,0.118653,0.742849,0.302725
172,1.203112,1.996323,MGC,0.834281,0.238898,1.003734,0.476918
173,1.386123,1.704678,MGC,0.437146,0.329370,0.605937,0.561469
174,1.323935,1.551575,MGC,0.441871,0.518261,0.585008,0.804121
175,1.336152,1.615721,MGC,0.462974,0.213237,0.618604,0.344532
176,1.228836,1.421723,MGC,0.585002,0.422956,0.718872,0.601326
177,1.264318,1.387538,MGC,0.579323,0.284808,0.732448,0.395182
178,1.210722,1.623032,MGC,0.755600,0.329909,0.914821,0.535453
179,1.245673,1.625180,MGC,0.462394,0.244541,0.575992,0.397423
180,1.189989,1.311524,MGC,0.627512,0.577116,0.746733,0.756902
181,1.126218,1.397765,MGC,0.903785,0.477710,1.017859,0.667726
182,1.215538,1.390396,MGC,0.643991,0.550112,0.782796,0.764874
183,1.343479,1.655619,MGC,0.617630,0.298811,0.829773,0.494718
184,1.430715,1.948762,MGC,0.460331,0.222889,0.658602,0.434358
185,1.348496,1.695467,MGC,0.577424,0.317058,0.778654,0.537561
186,1.337588,1.564680,MGC,0.568643,0.417138,0.760610,0.652687
187,1.304806,1.552227,MGC,0.567731,0.308192,0.740779,0.478384
188,1.176938,1.434278,MGC,1.123497,0.383590,1.322286,0.550174
189,1.169382,1.233843,MGC,0.978015,0.554011,1.143673,0.683563
190,1.217123,2.236156,MGC,0.824272,0.195611,1.003240,0.437418
191,1.228213,1.644692,MGC,0.840029,0.369952,1.031734,0.608457
192,1.078106,2.260142,MGC,1.412583,0.171982,1.522914,0.388703
193,1.148177,1.316546,MGC,0.930026,0.537331,1.067834,0.707420
194,1.327074,1.998309,MGC,0.619015,0.234531,0.821479,0.468666
195,1.290673,1.386799,MGC,0.774944,0.545715,1.000199,0.756797
196,1.248589,1.367591,MGC,0.760766,0.322536,0.949884,0.441097
197,1.269368,1.815309,MGC,0.508868,0.225876,0.645941,0.410035
198,1.346125,1.509977,MGC,0.554625,0.563477,0.746594,0.850838
199,1.166999,1.647667,MGC,1.168325,0.387567,1.363435,0.638581
200,1.145523,1.977844,MGC,1.056507,0.227964,1.210254,0.450878
201,1.324992,1.350502,MGC,0.511936,0.492175,0.678311,0.664683
202,1.224146,1.493429,MGC,0.610809,0.247101,0.747720,0.369028
203,1.325012,1.571890,MGC,0.536337,0.446403,0.710652,0.701696
204,1.151640,1.802732,MGC,0.789818,0.227692,0.909586,0.410468
205,1.360011,1.737312,MGC,0.541246,0.312908,0.736101,0.543619
206,1.225429,1.609732,MGC,0.849030,0.259138,1.040426,0.417142
207,1.192782,1.092261,HWC,0.650833,0.475652,0.776302,0.519536
208,1.578666,1.688184,MGC,0.491401,0.399803,0.775758,0.674942
209,1.297305,1.653865,MGC,0.673191,0.276038,0.873334,0.456529
210,1.189138,1.495572,MGC,0.833130,0.480127,0.990708,0.718065
211,1.262210,1.673056,MGC,0.774064,0.340841,0.977031,0.570247
212,1.192108,1.804822,MGC,1.164217,0.221033,1.387872,0.398924
213,1.259128,1.733293,MGC,0.631546,0.229743,0.795197,0.398211
214,1.807011,2.005729,MGC,0.294851,0.266516,0.532799,0.534559
215,1.263903,1.441361,MGC,0.425388,0.419915,0.537649,0.605248
216,1.259540,1.609887,MGC,0.650705,0.298648,0.819588,0.480790
217,1.174518,2.516582,MGC,1.234879,0.192405,1.450388,0.484204
218,1.238338,1.911569,MGC,0.767035,0.245884,0.949849,0.470025
219,1.276190,1.722462,MGC,0.565378,0.261842,0.721530,0.451013
220,1.132893,1.729301,MGC,0.961045,0.305939,1.088761,0.529061
221,1.218406,1.398503,MGC,0.717863,0.488010,0.874649,0.682484
222,1.221494,1.443971,MGC,0.618471,0.312520,0.755459,0.451270
223,1.177540,1.594100,MGC,0.737306,0.331833,0.868208,0.528976
224,1.478313,1.764367,MGC,0.333282,0.221347,0.492695,0.390537
225,1.274532,1.593172,MGC,0.656485,0.463107,0.836711,0.737810
226,1.054684,1.310314,MGC,0.936194,0.593765,0.987389,0.778019
227,1.243023,1.275814,MGC,0.683628,0.368272,0.849766,0.469847
228,1.278183,2.088864,MGC,0.623518,0.225665,0.796970,0.471384
229,1.129693,1.292608,MGC,0.704164,0.794540,0.795489,1.027029
230,1.168588,1.495392,MGC,0.921772,0.417149,1.077172,0.623801
231,1.282560,1.935672,MGC,0.629370,0.198547,0.807205,0.384322
232,1.261427,2.318539,MGC,0.644301,0.150031,0.812739,0.347854
233,1.558520,1.498688,HWC,0.336437,0.367055,0.524344,0.550101
234,1.254333,2.030413,MGC,0.628868,0.214658,0.788810,0.435844
235,1.308804,1.028729,HWC,0.425343,1.403400,0.556691,1.443718
236,1.393841,1.649173,MGC,0.679858,0.304828,0.947614,0.502715
237,1.482467,2.102436,MGC,0.346087,0.155896,0.513062,0.327762
238,1.151018,1.480957,MGC,0.882984,0.204162,1.016330,0.302355
239,1.499687,2.050172,MGC,0.505752,0.179904,0.758469,0.368834
240,1.132028,1.826310,MGC,0.701572,0.311681,0.794199,0.569226
241,1.341522,1.487868,MGC,0.382668,0.296287,0.513357,0.440836
242,1.149848,1.456101,MGC,0.610099,0.290254,0.701521,0.422639
243,1.409524,1.412686,MGC,0.420034,0.372594,0.592048,0.526358
244,1.565329,1.662729,MGC,0.220588,0.350731,0.345292,0.583170
245,1.130797,1.147988,MGC,0.721743,0.470269,0.816145,0.539863
246,1.713215,2.122015,MGC,0.272176,0.284007,0.466296,0.602667
247,1.210560,2.519605,MGC,0.726468,0.141241,0.879433,0.355871
248,1.428431,1.604065,MGC,0.459695,0.374014,0.656643,0.599942
249,1.300076,1.425034,MGC,0.592347,0.467738,0.770096,0.666542
250,1.278743,1.773246,MGC,0.568295,0.229331,0.726704,0.406660
251,1.339430,1.650044,MGC,0.464861,0.295121,0.622649,0.486962
252,1.238795,1.811841,MGC,0.540097,0.305627,0.669070,0.553747
253,1.270679,1.398415,MGC,0.613198,0.394488,0.779178,0.551657
254,1.233134,1.500325,MGC,0.673579,0.325015,0.830614,0.487628
255,1.268544,1.931290,MGC,0.775320,0.233809,0.983528,0.451552
256,1.590536,1.741155,MGC,0.324630,0.259283,0.516336,0.451452
257,1.169540,1.690752,MGC,0.831742,0.308959,0.972755,0.522372
258,1.449093,1.458985,MGC,0.294184,0.330168,0.426300,0.481710
259,1.064131,1.460687,MGC,1.174296,0.397166,1.249605,0.580135
260,1.233411,1.326099,MGC,0.539989,0.307685,0.666028,0.408021
261,1.235081,1.911569,MGC,0.624328,0.176577,0.771096,0.337539
262,1.232306,1.877657,MGC,0.839516,0.214956,1.034541,0.403614
263,1.342277,1.555325,MGC,0.442843,0.359999,0.594419,0.559916
264,1.323255,1.552090,MGC,0.731701,0.378231,0.968228,0.587049
265,1.294994,1.313606,MGC,0.383995,0.285739,0.497271,0.375348
266,1.177624,2.494070,MGC,0.621610,0.116156,0.732023,0.289701
267,1.148679,1.603205,MGC,0.855667,0.289073,0.982886,0.463443
268,1.227107,1.361385,MGC,0.571884,0.457020,0.701763,0.622181
269,1.352848,1.834895,MGC,0.436658,0.254153,0.590732,0.466344
270,1.130523,1.517929,MGC,1.061470,0.282882,1.200016,0.429395
271,1.263506,1.453776,MGC,0.381307,0.298217,0.481784,0.433541
272,1.247761,1.779737,MGC,0.614489,0.272600,0.766736,0.485157
273,1.321946,2.174595,MGC,0.569112,0.190746,0.752336,0.414794
274,1.509562,1.533825,MGC,0.224689,0.227856,0.339181,0.349492
275,1.414728,1.343584,HWC,0.483268,0.527963,0.683692,0.709363
276,1.304159,1.606372,MGC,0.435757,0.394021,0.568296,0.632945
277,1.145770,1.486293,MGC,0.620153,0.321248,0.710553,0.477469
278,1.401836,1.680938,MGC,0.424271,0.301163,0.594759,0.506237
279,1.145175,2.359908,MGC,0.848781,0.195538,0.972003,0.461453
280,1.273036,1.207976,HWC,0.796435,0.715337,1.013891,0.864110
281,1.274676,1.367600,MGC,0.454428,0.452500,0.579249,0.618839
282,1.456700,1.476684,MGC,0.538340,0.563508,0.784200,0.832123
283,1.251011,1.395383,MGC,0.574747,0.352243,0.719015,0.491515
284,1.232530,1.226024,HWC,0.615416,0.623673,0.758518,0.764638
285,1.107649,1.369069,MGC,1.173856,0.456547,1.300221,0.625044
286,1.223872,2.089226,MGC,0.907606,0.158775,1.110793,0.331716
287,1.753323,1.598456,HWC,0.300636,0.348955,0.527112,0.557789
288,1.241156,1.513692,MGC,0.659495,0.345652,0.818536,0.523210
289,1.240302,1.326687,MGC,0.429115,0.395050,0.532232,0.524107
290,1.435982,2.256365,MGC,0.437210,0.192999,0.627826,0.435477
291,1.382428,1.994555,MGC,0.643714,0.193956,0.889889,0.386855
292,1.509857,1.323489,HWC,0.360541,0.702891,0.544366,0.930269
293,1.336479,1.498079,MGC,0.585052,0.307393,0.781910,0.460499
294,1.120799,1.936214,MGC,0.847559,0.251059,0.949943,0.486105
295,1.341608,1.789538,MGC,0.487719,0.255878,0.654328,0.457903
296,1.226402,2.005778,MGC,0.723770,0.276312,0.887633,0.554220
297,1.222689,1.741056,MGC,0.628439,0.302690,0.768385,0.527001
298,1.207858,1.904161,MGC,0.712686,0.226257,0.860824,0.430829
299,1.246210,1.435987,MGC,0.753536,0.481316,0.939064,0.691164
300,1.251232,1.813903,MGC,0.733461,0.197961,0.917730,0.359081
301,1.251184,1.616743,MGC,0.532678,0.286362,0.666478,0.462974
302,1.132023,1.521555,MGC,1.120298,0.310789,1.268203,0.472883
303,1.536745,1.437357,HWC,0.308670,0.419624,0.474347,0.603150
304,1.198547,1.350022,MGC,1.182076,0.684901,1.416773,0.924632
305,1.095633,1.988031,MGC,0.835928,0.161500,0.915870,0.321066
306,1.181685,1.403248,MGC,1.017851,0.596794,1.202779,0.837450
307,1.197242,1.500580,MGC,0.635648,0.408235,0.761024,0.612590
308,1.145350,1.643590,MGC,1.220686,0.304680,1.398113,0.500769
309,1.057899,1.485240,MGC,1.159962,0.384993,1.227123,0.571807
310,1.117001,2.365238,MGC,1.113478,0.193913,1.243756,0.458651
311,1.396249,1.713980,MGC,0.397801,0.253090,0.555430,0.433791
312,1.164404,1.659079,MGC,0.869456,0.358725,1.012399,0.595153
313,1.164490,1.442628,MGC,0.969274,0.401233,1.128710,0.578831
314,1.347071,1.818957,MGC,0.469982,0.165853,0.633099,0.301680
315,1.226741,1.569712,MGC,0.594555,0.312163,0.729364,0.490006
316,1.231931,1.228116,HWC,0.699667,0.628586,0.861941,0.771976
317,1.061298,1.581120,MGC,1.232311,0.338995,1.307850,0.535991
318,1.315039,1.343242,MGC,0.493635,0.415332,0.649149,0.557891
319,1.331803,1.485344,MGC,0.445802,0.372826,0.593721,0.553775
320,1.227194,1.746017,MGC,0.751374,0.262468,0.922082,0.458274
321,1.111360,1.614829,MGC,0.749870,0.397462,0.833375,0.641834
322,1.329052,1.709046,MGC,0.549423,0.294280,0.730212,0.502939
323,1.554635,1.644887,MGC,0.407443,0.313355,0.633426,0.515433
324,1.078312,1.292907,MGC,1.311796,0.307844,1.414524,0.398014
325,1.250982,1.327374,MGC,0.779284,0.500138,0.974870,0.663871
326,1.320612,1.733199,MGC,0.560792,0.255739,0.740588,0.443246
327,1.181300,1.206465,MGC,0.864583,0.709251,1.021331,0.855687
328,1.356529,1.849362,MGC,0.553593,0.254712,0.750965,0.471054
329,1.259776,1.490115,MGC,0.614302,0.299502,0.773883,0.446292
330,1.398430,1.458033,MGC,0.370322,0.553710,0.517869,0.807327
331,1.551116,2.178854,MGC,0.344139,0.165219,0.533799,0.359989
332,1.118396,1.541005,MGC,1.061928,0.339502,1.187656,0.523175
333,1.488311,2.067917,MGC,0.601529,0.218569,0.895262,0.451982
334,1.270263,1.653702,MGC,0.687437,0.372487,0.873226,0.615982
335,1.285837,1.581783,MGC,0.443052,0.335844,0.569692,0.531232
336,1.326115,1.750157,MGC,0.584682,0.300089,0.775356,0.525203
337,1.383910,1.723638,MGC,0.415365,0.449361,0.574827,0.774535
338,1.207224,1.686013,MGC,0.872799,0.247835,1.053664,0.417853
339,1.294325,2.354311,MGC,0.526418,0.179183,0.681356,0.421853
340,1.122384,1.596366,MGC,1.212647,0.320939,1.361055,0.512337
341,1.264576,1.670022,MGC,0.681577,0.270152,0.861906,0.451159
342,1.328315,1.908863,MGC,0.379036,0.268051,0.503480,0.511672
343,1.313388,1.573638,MGC,0.435972,0.365241,0.572600,0.574757
344,1.220986,1.516956,MGC,0.626372,0.333216,0.764791,0.505474
345,1.430107,1.646440,MGC,0.549038,0.310925,0.785183,0.511919
346,1.103216,1.338304,MGC,0.874437,0.514849,0.964692,0.689025
347,1.144847,1.460205,MGC,0.812471,0.300665,0.930156,0.439033
348,1.782395,2.295937,MGC,0.250377,0.191620,0.446271,0.439947
349,1.290580,1.504538,MGC,0.567957,0.430837,0.732994,0.648210
350,1.187579,1.579405,MGC,0.726672,0.318446,0.862981,0.502956
351,1.433003,2.138657,MGC,0.692371,0.201284,0.992169,0.430477
352,1.323624,1.504954,MGC,0.529939,0.394861,0.701440,0.594247
353,1.100488,1.709673,MGC,1.476797,0.319523,1.625198,0.546280
354,1.153108,1.772381,MGC,1.101724,0.360923,1.270406,0.639692
355,1.195429,1.829627,MGC,0.809238,0.324104,0.967386,0.592990
356,1.261890,1.666997,MGC,0.671954,0.396273,0.847932,0.660586
357,1.162791,1.568582,MGC,0.911266,0.231980,1.059611,0.363880
358,1.322513,1.405000,MGC,0.487171,0.393540,0.644290,0.552924
359,1.248965,1.417143,MGC,0.554516,0.449007,0.692571,0.636307
360,1.341243,3.241654,MGC,0.546019,0.118624,0.732345,0.384538
361,1.263035,1.592168,MGC,0.602792,0.283950,0.761347,0.452096
362,1.259158,1.424633,MGC,0.645686,0.294033,0.813021,0.418889
363,1.303248,2.027551,MGC,0.662607,0.192921,0.863541,0.391157
364,1.217691,1.413486,MGC,0.649764,0.532652,0.791212,0.752896
365,1.161629,1.689791,MGC,0.806627,0.326455,0.937001,0.551641
366,1.195166,1.711952,MGC,0.649098,0.245139,0.775780,0.419666
367,1.174926,1.444563,MGC,0.812500,0.481367,0.954627,0.695364
368,1.346051,2.015490,MGC,0.606231,0.264350,0.816018,0.532794
369,1.300953,1.750663,MGC,0.391190,0.192956,0.508920,0.337800
370,1.280213,1.700695,MGC,0.532061,0.249242,0.681151,0.423884
371,1.198750,1.598169,MGC,0.715481,0.255843,0.857683,0.408880
372,1.303468,1.881139,MGC,0.571457,0.154123,0.744875,0.289927
373,1.313591,2.030024,MGC,0.722773,0.218279,0.949428,0.443112
374,1.154507,1.442361,MGC,0.723568,0.498619,0.835364,0.719188
375,1.109105,1.428637,MGC,0.983486,0.412813,1.090789,0.589760
376,1.531406,1.989436,MGC,0.608437,0.292149,0.931763,0.581211
377,1.093501,1.384187,MGC,1.552458,0.373543,1.697615,0.517053
378,1.198551,1.349826,MGC,0.985847,0.704422,1.181588,0.950847
379,1.173729,1.262738,MGC,0.804276,0.530114,0.944002,0.669396
380,1.294778,1.765181,MGC,0.678466,0.318952,0.878463,0.563008
381,1.187608,1.461510,MGC,0.765533,0.401163,0.909153,0.586304
382,1.214399,1.555610,MGC,0.511683,0.269187,0.621387,0.418750
383,1.601407,1.861480,MGC,0.311700,0.233687,0.499158,0.435005
384,1.229275,1.443345,MGC,0.612268,0.470214,0.752645,0.678682
385,1.169892,1.744404,MGC,0.983098,0.337520,1.150118,0.588771
386,1.004843,1.397502,MGC,0.981360,0.360804,0.986113,0.504224
387,1.228302,1.941629,MGC,0.729993,0.309798,0.896651,0.601513
388,1.299906,1.725964,MGC,0.513582,0.185296,0.667608,0.319815
389,1.168242,1.756696,MGC,1.166846,0.271316,1.363159,0.476619
390,1.243223,1.520111,MGC,0.751214,0.533779,0.933926,0.811403
391,1.214356,1.963233,MGC,0.533289,0.169741,0.647602,0.333242
392,1.234362,1.701513,MGC,0.654143,0.430310,0.807450,0.732179
393,1.318100,1.166777,HWC,0.659307,0.823365,0.869033,0.960684
394,1.502854,1.535677,MGC,0.418657,0.416418,0.629180,0.639484
395,1.612136,1.549923,HWC,0.292973,0.361819,0.472312,0.560792
396,1.221236,1.510019,MGC,0.709230,0.579282,0.866137,0.874726
397,1.177100,1.301314,MGC,0.689508,0.590449,0.811620,0.768360
398,1.335704,1.721045,MGC,0.533609,0.406258,0.712744,0.699189
399,1.130525,1.387546,MGC,0.982605,0.462093,1.110859,0.641175
400,1.298834,1.728973,MGC,0.621382,0.324981,0.807071,0.561884
401,1.313853,1.542745,MGC,0.465427,0.444744,0.611502,0.686127
402,1.496087,1.785377,MGC,0.442936,0.270397,0.662671,0.482760
403,1.151703,1.697822,MGC,0.628811,0.353322,0.724203,0.599878
404,1.324017,1.865773,MGC,0.536068,0.305447,0.709764,0.569896
405,1.310050,1.628714,MGC,0.448146,0.261107,0.587094,0.425268
406,1.128344,1.097709,HWC,1.152130,1.321167,1.299999,1.450257
407,1.360858,1.282369,HWC,0.659744,0.583879,0.897818,0.748748
408,1.550831,1.665800,MGC,0.279186,0.256167,0.432970,0.426723
409,1.152817,1.719422,MGC,0.480848,0.149175,0.554329,0.256494
410,1.246488,1.433514,MGC,0.648199,0.239917,0.807972,0.343925
411,1.108377,1.322875,MGC,0.975378,0.379418,1.081087,0.501922
412,1.128766,1.371906,MGC,0.916138,0.544909,1.034106,0.747565
413,1.202521,2.109150,MGC,0.902412,0.226544,1.085169,0.477814
414,1.521536,1.620949,MGC,0.418935,0.275981,0.637425,0.447350
415,1.668543,1.215559,HWC,0.252823,0.616552,0.421846,0.749456
416,1.136370,1.560175,MGC,0.971681,0.290007,1.104189,0.452462
417,1.151868,2.359948,MGC,1.090255,0.184475,1.255829,0.435352
418,1.184360,2.218355,MGC,0.781378,0.223312,0.925432,0.495385
419,1.224314,1.599867,MGC,0.754951,0.395507,0.924297,0.632758
420,1.417234,1.230198,HWC,0.855717,0.861159,1.212751,1.059397
421,1.301408,1.775159,MGC,0.686263,0.292353,0.893108,0.518973
422,1.421932,1.572741,MGC,0.507036,0.393934,0.720970,0.619557
423,1.347875,1.794142,MGC,0.512500,0.269546,0.690785,0.483604
424,1.432709,1.794988,MGC,0.384604,0.259671,0.551025,0.466107
425,1.109729,1.597177,MGC,1.052859,0.243464,1.168388,0.388855
426,1.227927,1.790345,MGC,0.803963,0.257496,0.987207,0.461007
427,1.672717,1.719808,MGC,0.246782,0.243932,0.412796,0.419516
428,1.270866,1.521020,MGC,0.504028,0.312382,0.640552,0.475139
429,1.150324,1.596898,MGC,0.972764,0.371115,1.118993,0.592632
430,1.103106,1.589647,MGC,1.042347,0.234227,1.149819,0.372338
431,1.169119,1.448430,MGC,0.736850,0.391234,0.861466,0.566675
432,1.184494,1.500533,MGC,0.626798,0.331647,0.742438,0.497647
433,1.425821,1.714656,MGC,0.461211,0.355069,0.657604,0.608822
434,1.251627,1.514068,MGC,0.775899,0.480956,0.971136,0.728200
435,1.148725,1.621834,MGC,0.834138,0.300604,0.958196,0.487531
436,1.136619,1.638956,MGC,0.867182,0.230614,0.985655,0.377966
437,1.479134,1.924104,MGC,0.439576,0.357585,0.650193,0.688030
438,1.558420,1.567033,MGC,0.224515,0.253360,0.349889,0.397023
439,1.116481,3.166213,MGC,0.685425,0.115797,0.765263,0.366639
440,1.230406,1.296456,MGC,0.520844,0.526535,0.640849,0.682630
441,1.184156,1.836909,MGC,1.150399,0.227179,1.362251,0.417307
442,1.287787,1.435507,MGC,0.579334,0.401775,0.746059,0.576751
443,1.223115,1.500077,MGC,0.880155,0.464874,1.076531,0.697347
444,1.386538,1.955906,MGC,0.564162,0.262544,0.782232,0.513512
445,1.127710,2.042095,MGC,0.691692,0.185472,0.780027,0.378751
446,1.436820,1.435471,HWC,0.464338,0.499382,0.667171,0.716848
447,1.342371,1.536952,MGC,0.541991,0.390227,0.727553,0.599760
448,1.338017,2.148461,MGC,0.656867,0.225336,0.878900,0.484125
449,1.353746,2.043476,MGC,0.571510,0.125367,0.773680,0.256184
450,1.302576,1.788766,MGC,0.697957,0.244866,0.909143,0.438008
451,1.125669,1.724588,MGC,0.860653,0.240570,0.968810,0.414884
452,1.260240,1.599877,MGC,0.608352,0.293812,0.766670,0.470063
453,1.176300,1.354038,MGC,0.866418,0.346276,1.019167,0.468871
454,2.033613,1.580451,HWC,0.265918,0.366114,0.540774,0.578625
455,1.319381,2.637548,MGC,0.495801,0.124127,0.654150,0.327392
456,1.426015,2.140474,MGC,0.506661,0.220198,0.722507,0.471328
457,1.134993,1.573601,MGC,0.882834,0.359489,1.002010,0.565692
458,1.073129,1.678826,MGC,1.300040,0.281087,1.395111,0.471896
459,1.344400,1.634476,MGC,0.612194,0.430027,0.823033,0.702869
460,1.620859,1.804738,MGC,0.255604,0.209661,0.414298,0.378384
461,1.148287,1.304217,MGC,1.301116,0.691225,1.494054,0.901507
462,1.375657,2.194942,MGC,0.514076,0.217234,0.707192,0.476816
463,1.397654,1.549147,MGC,0.547872,0.529792,0.765736,0.820727
464,1.324310,1.730919,MGC,0.568625,0.293366,0.753036,0.507792
465,1.283610,1.934032,MGC,0.602563,0.219131,0.773456,0.423806
466,1.328388,1.656575,MGC,0.592138,0.339315,0.786589,0.562101
467,1.184436,1.395817,MGC,0.496136,0.242451,0.587641,0.338417
468,1.230429,1.557848,MGC,0.612702,0.381260,0.753886,0.593944
469,1.161731,1.645997,MGC,0.880608,0.336661,1.023030,0.554143
470,1.148401,1.553815,MGC,1.216628,0.402444,1.397176,0.625323
471,1.202014,1.402190,MGC,0.450498,0.591543,0.541505,0.829456
472,1.270686,1.678261,MGC,0.767816,0.220277,0.975653,0.369682
473,1.335377,2.401559,MGC,0.646800,0.202050,0.863722,0.485236
474,1.401014,1.902030,MGC,0.555421,0.241622,0.778152,0.459571
475,1.142167,1.369510,MGC,0.929065,0.535464,1.061148,0.733324
476,1.175250,1.542083,MGC,0.760744,0.311727,0.894064,0.480710
477,1.235336,1.368747,MGC,0.790230,0.571270,0.976200,0.781923
478,1.538129,1.764868,MGC,0.262523,0.234439,0.403794,0.413755
479,1.189026,1.340770,MGC,0.755405,0.477279,0.898196,0.639922
480,1.386996,1.591100,MGC,0.550680,0.375861,0.763791,0.598032
481,1.188915,1.388024,MGC,1.014096,0.392810,1.205674,0.545230
482,1.125352,1.392281,MGC,0.539217,0.183439,0.606809,0.255399
483,1.343252,1.437137,MGC,0.328762,0.291976,0.441610,0.419609
484,1.082033,1.633880,MGC,1.497625,0.344337,1.620479,0.562606
485,1.243298,2.236330,MGC,0.743445,0.149042,0.924323,0.333307
486,1.359963,2.059623,MGC,0.428546,0.183355,0.582807,0.377643
487,1.175329,1.354707,MGC,0.862918,0.414867,1.014212,0.562024
488,1.180940,1.750348,MGC,0.665211,0.258372,0.785574,0.452241
489,1.077655,1.495492,MGC,1.211197,0.303895,1.305253,0.454473
490,1.362258,1.955952,MGC,0.525002,0.191589,0.715189,0.374738
491,1.419499,1.847391,MGC,0.448801,0.304157,0.637073,0.561897
492,1.213186,1.689076,MGC,0.844116,0.325077,1.024070,0.549079
493,1.448305,2.814757,MGC,0.553522,0.130757,0.801669,0.368048
494,1.228104,1.738810,MGC,0.987779,0.302615,1.213095,0.526190
495,1.105682,1.457976,MGC,1.099232,0.451514,1.215401,0.658296
496,1.144693,2.264120,MGC,0.745835,0.161075,0.853753,0.364692
497,1.130178,2.547656,MGC,1.377231,0.144879,1.556516,0.369102
498,1.192302,1.318608,MGC,0.685657,0.662576,0.817511,0.873678
499,1.152777,1.265630,MGC,0.985260,0.564916,1.135785,0.714975
500,1.176989,1.428532,MGC,0.995357,0.521513,1.171524,0.744997
501,1.078434,1.616562,MGC,1.091935,0.322005,1.177579,0.520542
502,1.213869,1.820948,MGC,0.769708,0.245794,0.934325,0.447578
503,1.204866,1.448202,MGC,0.965290,0.294308,1.163045,0.426217
504,1.580855,1.513403,HWC,0.346649,0.502852,0.548002,0.761018
505,1.208829,1.328307,MGC,0.814994,0.532907,0.985188,0.707864
506,1.146518,2.214292,MGC,0.941590,0.157716,1.079550,0.349229
507,1.414094,1.375830,HWC,0.268673,0.340932,0.379929,0.469064
508,1.353040,1.798662,MGC,0.633107,0.288559,0.856619,0.519021
509,1.420340,1.574621,MGC,0.194819,0.236920,0.276710,0.373059
510,1.376932,1.868858,MGC,0.409037,0.180338,0.563216,0.337026
511,1.184013,1.410861,MGC,0.937664,0.420903,1.110206,0.593835
512,0.994141,1.338280,MGC,1.091883,0.358021,1.085485,0.479132
513,1.252812,1.688518,MGC,0.609448,0.323658,0.763523,0.546503
514,1.442424,1.376429,HWC,0.529602,0.361984,0.763911,0.498245
515,1.211410,1.871477,MGC,0.766252,0.212206,0.928245,0.397139
516,1.474476,1.445020,HWC,0.578284,0.333903,0.852666,0.482497
517,1.177476,1.092893,HWC,0.684288,0.968007,0.805733,1.057928
518,1.683547,2.128658,MGC,0.234648,0.210523,0.395041,0.448131
519,1.209280,2.110828,MGC,0.799589,0.223600,0.966927,0.471982
520,1.338240,1.707285,MGC,0.430423,0.335145,0.576010,0.572187
521,1.227692,2.010645,MGC,0.493780,0.150168,0.606210,0.301934
522,1.101574,1.412062,MGC,1.419232,0.417758,1.563388,0.589900
523,1.277942,1.943410,MGC,0.568295,0.251319,0.726248,0.488415
524,1.166959,2.008130,MGC,0.604769,0.252397,0.705741,0.506845
525,1.259572,3.056565,MGC,0.639966,0.121887,0.806084,0.372556
526,1.241409,1.291170,MGC,0.518046,0.694152,0.643107,0.896268
527,1.175568,2.182190,MGC,1.186395,0.263636,1.394688,0.575303
528,1.381948,1.458198,MGC,0.445939,0.492220,0.616265,0.717754
529,1.392677,1.735144,MGC,0.509074,0.315871,0.708976,0.548083
